04 05 60 75 79
02 14 18 32 68
04 05 08 14 18
05 18 28 70 75
09 14 56 68 79
08 14 69 71 79
11 18 51 70 75
30 35 38 63 75
03 14 18 67 73
06 14 18 71 73
14 17 30 48 58
14 45 67 74 79
11 14 18 67 74
30 49 56 57 74
18 34 39 65 66
09 34 51 55 79
10 31 44 53 75
03 06 15 18 52
04 05 15 66 79
05 15 30 68 79
04 08 41 76 79
07 09 15 18 38
09 10 15 54 79
06 11 15 55 79
35 70 72 76 79
07 71 73 76 79
20 34 36 53 62
06 38 43 48 55
10 18 65 74 76
33 46 49 54 56
13 35 60 63 73
02 12 45 59 74
02 42 46 73 74
11 14 24 76 79
07 18 44 57 61
66 73 75 76 79
25 43 54 70 77
02 21 31 37 57
17 18 41 61 73
04 07 16 43 79
07 41 65 77 79
07 45 57 58 77
04 16 18 45 71
04 33 57 63 77
04 16 44 64 68
07 16 40 60 67
06 16 18 26 73
09 16 54 63 64
03 04 16 47 70
06 16 37 52 71
05 27 35 37 48
07 26 31 59 76
34 55 67 72 77
16 29 57 67 72
39 46 51 55 70
04 18 40 49 78
03 21 42 64 73
09 16 41 70 72
11 16 32 46 71
11 16 38 43 71
13 16 29 56 80
25 34 54 65 66
16 26 29 32 74
16 54 73 75 79
16 29 62 64 73
02 03 16 56 73
02 12 16 57 65
09 16 42 51 73
32 55 70 73 77
12 21 42 60 66
35 42 45 63 77
08 20 33 41 44
07 15 16 49 79
11 42 45 73 77
16 48 52 72 73
12 46 48 72 77
10 17 34 51 63
39 41 48 71 79
11 20 26 47 65
23 36 56 57 70
23 36 54 59 70
11 20 22 24 34
02 04 12 16 73
03 16 36 65 74
30 31 38 76 80
01 27 37 48 63
08 33 40 54 73
05 09 18 43 78
57 69 70 78 79
17 18 27 66 71
11 17 18 57 68
11 18 66 69 78
11 17 18 44 71
07 17 18 28 73
08 18 25 73 78
13 17 54 64 79
24 28 52 53 79
15 26 32 56 60
02 52 65 75 77
14 16 42 63 68
42 60 62 66 75
01 06 37 60 75
06 14 37 54 62
20 26 29 31 40
27 35 39 45 50
02 10 14 55 77
10 16 45 63 75
22 44 45 59 73
02 20 24 29 49
14 47 50 63 70
25 28 31 48 76
24 25 45 57 63
27 32 54 57 80
16 20 29 33 47
09 18 26 51 77
10 22 25 45 51
15 24 32 33 47
16 18 26 69 78
12 22 33 40 56
12 17 65 77 79
12 16 66 78 79
09 23 53 67 80
19 40 52 65 78
05 33 41 48 54
18 26 44 51 73
18 35 37 44 60
28 33 41 69 74
26 27 29 74 77
12 22 27 28 77
06 20 22 45 47
01 16 21 50 80
15 42 63 66 77
07 15 16 61 62
03 61 69 76 77
15 17 18 74 77
08 13 32 52 54
02 03 19 42 48
08 16 44 72 77
26 47 61 65 74
34 39 47 75 76
25 26 30 70 75
01 05 08 25 80
06 24 35 48 63
06 57 68 69 80
09 19 63 66 71
08 10 31 70 80
03 11 19 63 67
05 19 37 69 72
31 36 37 58 60
01 05 09 24 32
04 06 29 58 66
04 69 70 72 80
02 09 24 60 67
03 07 29 51 55
12 39 40 70 75
07 62 67 73 80
05 12 19 61 69
07 19 46 69 73
07 08 12 19 59
08 10 19 47 73
05 51 72 73 80
01 03 39 53 59
39 44 48 62 64
03 15 37 44 78
01 51 58 68 73
05 15 21 35 43
05 13 19 34 50
07 13 49 65 80
06 24 68 74 80
05 13 58 72 80
08 12 19 37 74
08 15 37 74 77
35 64 66 70 79
12 31 72 74 80
29 68 69 75 80
03 05 19 70 75
14 62 68 70 80
04 14 45 71 80
14 19 31 66 71
08 44 71 75 80
10 37 43 48 74
12 14 36 64 80
06 42 73 75 80
14 45 72 73 80
05 20 26 59 61
32 35 38 55 78
02 12 24 30 72
02 11 24 39 73
07 08 66 76 80
09 25 66 76 80
06 22 28 45 71
14 26 47 58 70
04 70 73 76 80
12 19 56 72 76
17 20 43 68 74
17 30 37 44 77
04 24 29 58 74
24 40 64 67 74
06 24 33 64 74
18 30 31 36 60
24 36 42 62 75
17 29 37 56 72
14 19 30 72 76
07 23 30 50 79
18 21 30 34 66
07 30 60 66 77
15 38 40 57 62
01 16 19 72 73
13 19 34 69 77
11 70 74 77 80
11 32 38 43 80
01 20 49 57 77
05 24 43 63 75
07 14 24 62 68
11 14 19 49 77
09 14 24 38 63
09 14 24 55 68
02 14 17 54 80
02 10 14 24 34
08 15 19 31 49
32 61 65 70 80
28 56 58 61 76
17 43 53 55 68
13 18 19 51 70
19 26 72 76 77
03 15 16 19 72
19 51 57 67 77
07 12 36 42 48
12 15 16 67 80
15 22 30 48 73
03 14 24 60 73
29 40 54 69 73
26 35 38 58 80
36 52 60 75 76
01 33 41 43 60
04 16 42 45 58
22 27 48 54 76
27 34 50 57 61
17 29 60 75 80
19 52 57 74 79
04 21 30 49 68
04 31 45 47 49
02 07 20 53 79
06 10 17 19 44
02 15 37 46 52
01 19 34 46 51
19 32 41 66 72
02 04 40 64 78
02 03 04 45 78
05 31 63 64 78
03 06 32 65 78
02 16 64 69 77
05 17 34 62 69
10 15 51 55 60
09 24 31 39 78
09 17 61 64 66
41 65 74 78 80
02 16 31 55 61
10 13 18 78 79
10 60 63 64 78
10 17 40 57 69
13 24 29 38 43
04 09 63 71 78
12 13 17 19 67
11 14 55 58 74
05 46 62 72 78
11 16 41 67 77
09 24 42 58 59
01 08 17 70 72
07 19 72 75 78
25 32 40 61 79
33 55 59 66 76
15 24 49 65 66
15 24 45 52 70
28 50 57 71 72
09 21 30 46 57
57 62 65 73 80
01 15 24 42 72
05 07 16 25 26
16 38 39 44 71
12 32 45 64 80
20 25 55 64 71
12 26 33 43 47
19 40 50 70 74
15 35 43 50 62
21 31 34 41 60
05 19 74 77 78
35 60 66 72 79
04 19 22 39 41
32 41 71 73 80
13 29 65 67 68
03 20 27 32 61
13 46 50 61 72
16 33 34 50 71
03 15 24 65 75
08 17 46 53 74
08 13 41 48 78
07 17 35 45 63
18 46 49 61 76
01 04 59 74 80
04 10 19 68 79
22 27 33 38 65
18 24 32 51 59
11 12 51 79 80
14 28 29 36 41
14 22 38 39 80
30 49 72 78 80
30 40 43 44 78
32 56 65 74 80
04 13 18 46 47
14 23 34 54 69
01 02 48 65 76
12 46 58 62 69
02 09 17 66 76
10 15 17 63 67
08 26 37 57 70
02 09 15 46 62
07 09 15 37 44
29 51 62 69 75
04 36 56 71 80
27 33 48 55 76
05 16 19 62 79
02 03 24 29 77
02 16 24 47 68
05 09 24 48 77
09 16 24 69 70
17 19 30 42 73
09 42 74 76 78
10 38 44 47 59
23 29 49 76 79
32 42 45 64 77
37 50 67 72 76
17 27 33 50 77
20 48 56 61 67
13 14 32 54 60
01 02 12 16 62
20 42 49 79 80
03 15 36 43 47
16 19 24 54 74
12 14 30 42 70
16 20 34 56 57
13 19 35 56 62
27 33 37 53 60
42 43 47 72 76
29 55 56 63 75
03 14 29 48 55
14 29 60 61 62
02 13 50 71 80
24 28 31 35 47
02 06 36 41 80
19 36 49 65 67
14 16 24 37 72
07 13 19 27 61
26 29 69 72 79
17 42 55 70 79
25 38 57 69 78
14 17 28 37 75
09 13 48 72 80
09 18 29 47 80
16 42 43 52 58
17 27 30 41 44
08 10 22 24 62
03 19 45 49 80
23 38 42 49 79
34 41 62 74 79
20 42 43 47 60
17 22 31 46 66
14 16 38 46 50
35 36 49 75 80
18 28 39 54 74
25 35 52 76 80
03 16 17 34 67
16 41 63 68 78
02 07 16 53 78
16 17 37 65 69
05 11 26 37 58
09 16 17 58 64
01 15 33 53 68
14 34 47 48 60
16 61 65 72 78
10 35 42 55 77
06 09 36 46 80
15 16 41 42 55
12 17 56 64 77
04 24 36 43 50
02 34 37 39 75
03 14 16 22 52
15 31 36 64 74
21 25 33 37 55
01 15 52 63 74
14 19 32 37 70
08 18 34 35 67
09 35 55 69 70
13 33 34 46 70
18 34 38 40 43
30 38 45 53 63
05 06 07 20 52
04 07 25 35 52
09 20 33 63 69
05 07 25 36 63
25 31 63 67 70
10 20 42 62 72
05 21 36 45 73
01 02 20 36 73
08 20 64 68 73
08 09 20 27 73
05 12 20 69 70
12 20 52 71 72
10 13 15 51 56
10 13 41 61 76
35 44 51 59 67
03 04 11 25 51
01 05 25 53 72
03 08 25 30 72
44 52 54 56 60
33 36 56 58 60
32 33 43 46 52
31 32 34 54 59
03 27 30 33 59
03 25 30 32 62
42 49 51 57 64
27 34 35 42 62
04 27 46 53 55
31 32 38 42 64
02 53 57 62 64
02 03 45 49 60
44 46 53 59 65
01 02 40 51 64
04 30 43 50 62
01 30 50 57 65
05 25 52 57 62
02 03 27 64 65
02 04 55 60 65
02 25 54 63 66
05 50 56 60 62
03 05 26 38 62
02 27 33 56 66
03 04 34 47 65
01 05 52 54 64
03 38 56 64 66
30 38 48 50 64
30 60 63 64 66
01 04 44 57 66
06 51 53 54 57
06 37 43 61 62
29 40 50 63 67
01 35 36 44 67
06 39 41 61 64
27 43 45 64 67
03 06 25 40 54
28 35 63 64 67
02 42 59 62 67
03 06 33 47 60
32 45 56 63 67
31 59 64 65 67
06 47 48 58 64
04 40 51 59 62
30 39 44 62 65
04 45 54 65 67
05 33 43 53 67
33 51 56 66 67
04 43 44 58 62
04 06 35 64 65
34 44 55 60 63
02 43 56 59 60
02 42 51 53 59
02 35 36 53 59
02 38 42 44 59
02 45 46 48 55
40 43 50 56 63
01 42 48 53 62
02 39 44 48 60
07 39 48 58 62
29 46 53 63 68
01 07 31 46 60
44 52 60 64 68
35 49 54 64 68
02 43 45 64 68
03 07 54 59 63
02 36 41 45 68
24 31 63 64 68
03 36 61 63 65
03 07 45 46 65
03 45 54 65 68
27 37 56 66 68
05 34 45 49 58
07 34 60 61 66
05 33 34 48 68
60 62 64 65 68
01 04 36 47 65
04 56 57 62 65
05 29 35 58 62
31 49 56 62 66
05 32 42 49 62
35 50 61 62 66
06 29 36 44 68
06 07 39 41 62
02 06 07 29 30
02 07 25 30 67
06 07 36 49 54
05 29 39 66 68
28 46 59 67 68
36 38 57 67 68
06 07 26 27 37
06 07 32 37 50
02 42 44 49 63
02 38 47 57 63
41 51 53 56 64
38 50 54 57 64
03 51 54 55 57
07 36 54 66 67
05 06 24 40 68
05 33 38 51 65
04 32 46 54 66
43 48 50 65 66
04 38 44 49 66
04 30 33 52 66
32 35 37 65 66
08 26 28 29 30
02 08 40 55 60
08 25 42 60 63
40 42 48 64 69
03 24 27 58 69
03 35 39 63 69
03 25 44 60 69
38 46 50 65 69
02 08 36 45 64
03 08 36 44 63
08 44 52 63 64
08 31 49 63 64
03 08 49 54 63
03 07 37 63 68
05 08 31 32 41
05 28 52 55 69
05 07 45 48 68
43 45 48 66 69
08 54 57 64 66
30 59 64 66 69
01 05 34 48 69
03 62 63 66 69
08 38 39 65 66
05 32 46 65 69
06 30 51 53 69
06 35 50 57 58
44 45 46 49 67
36 37 51 54 67
31 37 38 49 67
06 33 43 53 62
04 08 52 59 67
04 06 08 27 46
01 08 32 65 67
01 34 54 58 67
01 39 54 55 67
06 38 50 66 69
05 06 08 28 48
01 04 06 08 56
03 06 08 36 66
07 30 33 52 69
07 30 51 52 69
08 39 51 57 68
08 37 43 45 68
07 49 51 64 69
07 45 62 63 69
04 07 42 50 69
06 35 40 53 65
07 08 59 64 65
46 52 56 60 65
04 41 48 55 59
36 39 43 59 65
45 46 47 54 65
04 49 51 58 60
45 46 53 65 67
08 41 64 66 68
04 06 33 56 63
07 08 36 57 67
08 35 61 67 68
06 08 49 64 68
51 53 60 66 67
30 33 61 66 67
06 43 45 49 66
05 37 49 52 67
01 31 51 66 67
01 03 06 64 65
02 09 41 53 60
09 24 39 49 64
03 25 28 51 70
02 06 32 63 66
05 06 39 42 64
09 26 31 36 65
04 09 31 40 58
27 38 44 65 70
03 31 50 65 70
03 09 54 56 61
38 49 58 66 70
05 09 51 53 58
05 09 46 50 54
49 57 60 66 70
09 36 43 51 66
01 40 47 50 62
06 45 57 59 70
09 40 60 61 67
27 37 46 67 70
06 09 30 39 40
06 09 27 43 65
01 06 38 65 70
04 40 44 67 70
09 39 44 65 67
06 27 36 65 70
01 02 04 09 67
03 04 06 36 70
02 09 37 66 67
03 04 35 37 46
05 09 41 64 67
03 50 66 67 70
09 61 63 66 67
03 04 53 55 58
03 49 66 67 70
09 25 33 53 68
02 07 09 27 59
07 31 42 46 56
07 45 56 59 61
29 53 58 61 68
36 39 42 61 68
34 39 41 46 68
01 07 40 42 47
41 45 50 59 68
07 31 35 39 45
07 31 38 39 52
06 38 42 60 67
42 54 57 63 68
06 36 43 63 67
28 61 66 68 70
33 61 66 68 70
03 35 53 58 68
03 07 36 38 57
03 32 40 50 68
03 33 35 42 68
53 56 60 64 68
03 07 33 34 58
07 33 56 59 64
03 07 38 41 46
09 44 57 67 68
06 07 09 36 45
06 26 27 68 70
07 31 32 67 70
06 07 50 51 70
04 09 43 67 68
04 07 33 52 57
04 05 06 42 66
04 37 49 51 68
04 07 47 51 53
04 07 34 38 39
01 04 49 56 68
29 42 62 65 68
01 04 35 36 68
34 36 51 69 70
46 50 62 69 70
02 09 33 35 69
03 09 42 53 69
35 41 64 69 70
03 61 63 69 70
08 35 53 65 70
08 09 46 64 65
05 09 39 49 69
05 08 35 55 70
05 08 09 35 54
05 07 33 36 38
03 24 66 69 70
08 28 45 66 70
40 48 54 61 66
34 51 54 60 66
05 07 30 49 62
35 39 47 61 66
50 53 56 59 66
05 36 45 47 61
43 47 48 54 66
01 05 07 30 56
05 29 55 62 68
02 47 58 66 68
08 40 52 67 70
09 27 47 67 69
05 07 33 42 64
46 65 67 69 70
05 07 33 58 64
05 07 44 59 65
43 50 65 66 68
04 07 50 56 66
04 07 33 53 66
07 08 09 53 56
06 41 67 69 70
05 53 55 57 63
02 05 46 47 51
06 07 52 56 57
07 29 55 61 67
02 07 35 62 67
03 06 07 43 55
35 41 57 64 66
03 35 52 53 66
03 05 37 40 48
38 42 47 64 66
03 43 44 60 66
31 49 52 63 71
02 10 29 33 54
03 24 48 52 71
28 48 50 64 71
01 10 36 62 64
03 10 35 47 59
04 27 44 61 71
03 10 52 60 62
04 30 46 52 71
26 37 39 66 71
01 05 52 53 71
10 27 29 61 66
05 29 36 50 71
05 25 27 62 71
02 10 34 43 66
05 10 24 51 64
45 60 64 66 71
33 39 65 66 71
04 05 10 34 55
03 04 10 64 65
40 41 65 66 71
26 37 61 67 71
06 10 28 47 55
06 43 50 63 71
10 25 53 61 67
06 27 40 46 71
42 46 64 67 71
06 10 44 48 57
01 06 48 57 71
41 48 63 67 71
03 10 48 60 67
06 30 32 65 71
06 10 26 39 65
03 10 57 65 67
06 40 56 66 71
05 06 10 26 64
49 55 56 68 71
10 25 33 43 68
07 10 32 54 59
07 10 26 35 36
07 10 29 37 63
04 39 46 68 71
04 07 10 50 61
04 49 54 68 71
10 26 65 66 68
04 05 47 53 58
04 34 40 61 66
06 07 10 38 48
01 04 05 35 40
08 43 49 54 71
10 30 41 56 69
08 10 31 32 61
10 32 33 39 69
08 10 48 53 56
30 35 49 51 69
42 49 55 61 69
08 30 34 37 44
41 44 47 63 69
08 42 45 47 63
08 37 56 58 63
03 53 54 60 62
39 41 42 63 69
39 52 54 63 69
40 49 60 63 69
03 29 33 53 69
08 37 47 58 64
03 29 43 57 69
08 36 40 56 64
31 37 59 64 69
06 08 30 47 71
32 53 67 69 71
51 55 62 64 69
02 08 50 62 64
04 08 37 44 50
04 07 49 59 68
02 08 36 46 65
07 08 10 45 46
03 08 33 56 65
03 04 53 58 66
03 40 41 65 66
08 34 44 64 65
03 07 36 65 68
08 61 62 64 65
05 43 45 53 69
08 37 39 41 66
08 34 43 57 66
08 34 45 51 66
05 29 37 52 69
10 35 39 57 70
09 10 24 48 53
09 28 31 36 71
39 42 51 70 71
10 33 42 49 70
10 36 42 62 70
56 59 65 70 71
03 39 47 54 63
01 45 48 60 61
50 52 54 56 58
09 10 24 59 66
10 50 57 67 70
06 37 38 70 71
06 09 10 29 38
10 39 63 67 70
08 32 44 46 67
08 38 50 60 67
06 08 37 46 53
06 08 34 53 61
06 39 55 58 69
06 35 37 42 56
06 39 48 52 57
08 38 54 61 67
03 08 40 43 67
02 44 45 60 67
06 38 43 52 63
38 59 69 70 71
10 33 53 69 70
08 10 29 32 70
03 55 69 70 71
04 08 10 34 70
04 08 10 44 70
07 08 42 46 56
07 30 34 42 69
07 29 41 61 69
07 08 45 47 62
07 08 31 41 62
02 29 47 68 69
08 42 53 65 68
06 36 43 49 65
24 33 52 60 72
11 24 28 31 37
03 27 43 49 72
24 31 39 60 72
02 03 30 39 72
24 53 61 62 72
04 11 24 25 32
03 11 24 54 65
11 25 29 42 66
42 50 52 66 72
05 47 54 63 72
05 11 35 43 54
41 47 64 66 72
05 29 59 62 72
35 51 64 66 72
05 07 32 58 69
05 40 43 65 72
01 04 05 11 29
06 11 43 46 58
11 29 36 38 67
06 29 40 63 72
04 11 40 60 67
03 06 30 47 72
02 05 06 11 51
07 11 24 42 49
26 32 38 68 72
07 24 26 28 72
07 43 53 59 72
07 11 47 54 61
01 07 37 64 72
07 40 62 64 72
29 56 65 68 72
04 06 11 56 67
02 11 34 63 68
05 07 11 29 41
07 11 25 50 67
06 10 55 68 71
06 31 64 68 72
08 11 25 48 61
10 27 45 69 71
08 11 25 26 50
08 26 56 61 72
11 46 49 64 69
11 24 63 64 69
04 07 60 68 72
04 11 29 31 69
05 27 53 69 72
48 61 66 69 72
02 46 66 69 72
06 24 58 69 72
04 08 33 67 72
06 08 36 67 72
08 11 44 54 68
09 11 28 39 47
02 04 45 46 51
30 39 56 70 72
04 49 51 57 63
09 40 47 48 53
33 38 53 61 70
01 09 39 42 56
01 29 37 55 70
09 35 36 40 63
02 33 38 51 70
02 35 43 61 70
02 29 34 47 70
08 34 54 63 69
01 52 59 62 70
02 09 34 35 50
03 09 33 37 40
03 37 42 54 70
02 09 33 41 63
03 09 40 60 61
06 27 61 70 72
09 38 39 55 64
09 34 42 54 64
04 08 35 48 69
04 09 47 51 58
04 09 29 33 36
01 04 33 34 70
04 09 47 53 62
04 09 53 61 63
04 09 36 56 64
09 31 33 57 66
09 39 56 59 66
39 46 55 66 70
05 09 39 51 63
02 44 58 66 70
42 43 65 66 70
04 05 31 42 70
04 05 38 45 67
11 38 65 69 70
06 09 29 46 48
06 36 37 40 70
30 51 57 67 70
05 52 63 66 70
03 06 49 59 70
02 06 09 45 64
11 28 60 61 71
11 46 49 60 71
09 24 49 70 72
40 41 52 71 72
01 10 11 24 60
01 11 29 62 71
02 41 53 71 72
10 11 42 44 64
04 11 49 65 71
05 11 46 48 71
10 11 24 56 66
05 10 11 47 65
27 41 67 71 72
06 10 11 53 55
10 52 64 67 72
04 06 29 71 72
07 10 11 39 47
01 10 11 58 68
45 52 57 68 70
09 36 39 61 68
30 40 42 68 70
38 42 57 62 68
07 41 48 58 62
42 56 60 62 68
07 43 59 61 62
01 07 49 59 61
03 09 37 64 68
07 09 38 62 66
03 38 49 50 68
03 41 52 59 68
09 10 26 44 72
02 10 11 50 70
04 38 48 56 68
04 42 55 61 68
09 67 68 71 72
33 50 52 69 70
09 51 54 58 69
53 55 60 69 70
08 09 33 39 45
08 09 42 55 57
09 33 37 61 69
08 09 37 38 40
06 49 53 66 67
39 41 43 56 66
40 42 51 52 66
05 40 42 53 57
04 46 48 49 65
12 26 28 53 55
03 12 24 36 40
27 29 34 64 73
04 12 32 44 60
04 12 28 30 43
05 12 25 54 62
02 05 30 54 73
05 27 32 64 73
40 42 64 66 73
05 12 29 35 65
05 12 52 59 65
04 37 56 66 73
12 28 51 53 67
12 27 40 58 67
06 34 41 48 73
06 12 35 41 58
12 33 34 40 67
02 06 39 59 73
06 35 52 64 73
03 12 52 54 67
03 12 54 62 67
04 12 26 57 67
07 12 29 54 55
32 34 52 68 73
07 12 36 39 50
12 46 50 52 68
41 42 49 68 73
01 26 64 68 73
01 07 28 48 73
07 25 46 64 73
07 52 55 64 73
03 50 63 68 73
07 12 40 49 65
07 46 63 65 73
07 38 57 66 73
05 07 59 60 73
05 31 64 68 73
48 54 67 68 73
43 51 54 69 73
12 27 52 57 69
02 08 12 53 54
04 12 24 39 69
08 12 29 62 65
12 40 64 65 69
08 12 33 47 65
06 12 24 32 69
59 62 67 69 73
09 12 34 41 46
12 24 28 31 70
12 25 26 33 70
42 45 53 70 73
03 28 49 70 73
03 12 40 56 70
04 09 12 49 59
04 09 39 43 73
05 09 50 51 73
01 05 40 70 73
48 63 66 70 73
05 09 33 63 73
09 33 48 67 73
06 09 12 25 27
05 06 55 70 73
12 33 64 68 70
12 49 66 68 70
08 12 67 68 70
02 10 27 52 73
03 12 33 54 71
10 12 37 38 65
10 12 48 54 65
10 49 53 57 62
35 36 50 63 71
01 06 42 71 73
01 60 61 62 71
03 34 47 48 71
03 10 35 45 47
37 42 48 64 71
10 29 32 53 64
10 30 35 37 65
32 48 59 65 71
04 10 33 38 58
10 45 53 59 65
34 51 56 65 71
04 30 55 62 71
32 43 64 65 71
05 12 28 68 71
01 05 32 53 71
05 10 33 49 62
46 51 64 66 71
08 10 41 49 73
33 43 69 71 73
10 38 53 54 67
31 58 59 67 71
07 08 10 61 73
39 54 64 67 71
46 47 65 67 71
04 06 10 32 45
10 12 25 31 70
09 34 41 71 73
09 35 45 71 73
09 37 41 71 73
12 47 64 70 71
10 12 52 65 70
09 12 39 66 71
07 09 10 57 73
07 10 40 45 49
07 35 54 59 71
43 51 55 68 71
34 35 45 68 71
07 10 38 46 55
36 38 60 68 71
10 36 52 63 68
02 09 47 68 70
07 50 60 63 71
10 38 51 64 68
09 38 69 71 73
10 12 51 65 71
02 04 39 72 73
04 11 12 29 37
05 11 12 55 62
02 05 11 55 73
05 11 12 42 53
43 53 66 72 73
11 47 58 67 73
06 12 30 62 72
07 29 49 72 73
10 12 62 68 71
07 12 36 67 72
11 12 57 59 69
12 27 48 69 72
02 08 56 72 73
05 08 11 12 62
10 30 38 55 69
08 31 37 45 71
35 36 47 49 69
08 36 46 49 60
08 35 42 54 57
09 31 63 69 70
08 30 54 63 71
02 08 10 58 64
01 08 39 46 51
04 59 61 69 71
04 08 10 34 54
07 31 69 72 73
02 05 46 48 65
04 51 54 63 66
09 12 42 59 72
28 30 70 72 73
02 09 41 72 73
09 11 12 38 56
11 27 33 70 73
41 44 70 72 73
09 11 12 24 66
06 08 10 53 54
08 09 11 43 73
10 11 18 37 50
12 40 55 71 72
01 27 44 56 74
10 43 46 59 70
09 49 51 54 71
35 44 54 70 71
09 37 42 55 71
01 09 30 38 71
08 35 51 62 67
06 49 51 54 56
06 46 52 53 56
13 28 44 45 66
05 13 39 47 63
03 05 13 37 45
05 38 49 64 74
02 13 58 64 66
01 05 60 64 74
04 06 13 43 64
05 13 26 54 67
01 13 45 66 67
02 06 60 66 74
07 48 53 62 74
13 26 45 63 68
07 13 37 56 64
03 13 48 55 68
13 26 44 64 68
04 35 53 68 74
04 07 13 29 40
04 07 34 45 74
03 07 24 65 74
56 62 66 68 74
13 51 63 66 68
04 06 07 62 74
01 08 13 53 61
13 32 53 60 69
24 33 41 69 74
01 08 29 55 74
51 56 62 69 74
08 41 56 65 74
08 34 36 65 74
08 33 56 65 74
05 08 28 61 74
27 29 67 69 74
13 26 40 67 69
08 13 27 29 67
06 08 13 34 50
08 13 62 66 67
07 13 42 56 69
07 08 13 49 65
01 09 51 59 74
09 43 47 65 74
05 13 46 47 70
09 26 55 67 74
05 09 62 66 74
06 09 24 31 74
06 26 65 70 74
07 13 38 56 70
04 45 68 70 74
13 36 49 69 70
13 25 52 55 71
10 28 60 62 74
13 38 40 64 71
10 27 47 65 74
33 54 65 71 74
10 40 59 64 74
10 13 30 57 66
10 13 25 56 67
10 53 61 68 74
51 56 68 71 74
13 41 44 70 71
13 61 69 70 71
10 13 25 69 70
02 13 39 56 72
11 13 26 64 66
02 46 50 55 72
36 55 59 63 72
30 36 43 63 72
02 11 42 60 62
03 11 33 41 46
03 11 32 37 53
03 11 52 56 59
11 35 45 50 64
07 11 13 26 35
04 38 46 52 72
04 11 30 34 62
39 41 62 65 72
04 37 42 62 72
01 02 04 41 72
04 30 52 64 72
03 40 45 65 72
40 52 54 66 72
32 41 42 66 72
05 41 42 54 72
11 13 24 64 69
42 64 65 66 72
07 32 69 72 74
11 51 68 69 74
06 11 38 49 58
11 45 46 54 67
06 11 34 36 43
06 11 33 48 61
11 13 27 29 70
09 13 51 68 72
11 38 39 58 68
37 43 51 68 72
07 11 30 36 52
07 11 46 53 55
11 37 55 62 68
11 39 51 62 68
02 07 47 54 72
01 11 33 62 68
09 13 58 69 72
10 11 13 31 38
11 13 24 54 71
03 10 11 13 28
08 35 37 46 72
08 11 29 35 55
08 10 44 61 71
08 29 45 51 72
07 11 41 49 68
01 52 59 69 72
08 10 31 62 71
02 50 59 69 72
08 37 54 62 72
03 08 34 53 72
44 46 65 73 74
12 13 29 35 65
05 13 29 66 73
28 37 67 73 74
11 40 68 72 74
24 47 68 73 74
07 12 25 35 74
04 07 60 73 74
03 04 12 13 68
07 12 26 68 74
08 12 26 64 74
05 13 46 69 73
12 13 45 47 70
01 12 29 70 74
02 09 12 13 58
64 66 70 73 74
09 31 49 56 72
11 30 37 46 70
09 41 44 50 60
37 39 46 54 70
09 37 42 50 52
44 50 52 60 70
11 37 41 64 70
01 09 36 44 50
01 38 41 44 70
42 44 58 62 70
01 36 46 54 70
36 42 48 62 70
09 36 55 59 62
04 11 44 57 70
04 09 50 62 72
39 60 62 63 70
05 09 11 52 59
08 12 60 70 74
09 37 50 52 64
09 46 47 49 64
06 09 11 34 53
04 09 48 56 58
10 12 25 42 74
07 09 70 73 74
04 05 09 36 46
11 12 35 49 74
11 12 13 42 48
11 13 26 31 73
13 39 53 72 73
04 13 51 72 73
03 11 12 66 74
25 47 52 69 76
10 11 39 41 50
34 55 61 71 72
01 10 42 58 72
47 50 63 71 72
31 49 63 71 72
10 11 54 56 63
03 04 05 34 75
12 13 51 67 73
14 25 32 53 67
14 38 49 64 67
05 54 57 67 75
44 58 66 67 75
14 26 43 66 67
04 05 06 14 27
06 07 14 51 52
05 62 66 68 75
05 65 66 68 75
05 13 67 68 74
04 08 26 55 75
08 27 44 66 75
14 32 59 66 69
08 41 47 66 75
14 28 48 67 69
06 14 38 55 69
09 30 52 59 75
09 34 39 42 75
09 38 40 52 75
26 28 31 70 75
09 14 28 56 62
09 45 49 63 75
09 32 61 64 75
09 14 30 44 64
04 14 31 34 70
14 50 63 65 70
39 56 66 70 75
05 09 14 32 55
09 14 25 44 67
08 14 53 67 69
01 06 09 49 75
06 14 26 33 70
07 09 48 54 75
03 42 68 70 75
09 14 28 45 69
09 39 63 69 75
07 08 09 50 75
10 14 32 53 61
10 13 33 34 74
09 14 36 58 70
01 09 14 31 70
14 40 52 63 71
49 61 64 71 75
10 24 26 64 75
04 10 14 41 45
10 14 29 47 65
04 30 63 71 75
06 25 31 71 75
10 14 31 53 67
10 35 54 67 75
14 36 44 67 71
10 14 30 44 67
07 53 62 71 75
14 24 54 68 71
06 60 67 71 75
08 39 48 71 75
08 10 14 47 48
31 45 69 71 75
02 08 32 71 75
03 08 10 14 63
03 08 10 14 47
35 52 64 71 80
48 56 70 71 75
05 10 51 70 75
14 61 62 64 72
04 11 36 58 75
04 10 64 71 75
05 14 39 57 72
53 59 67 72 75
31 55 67 72 75
06 11 32 64 75
06 14 39 68 72
08 50 59 72 75
01 11 14 35 69
11 14 49 68 69
09 13 66 72 74
02 05 09 11 14
08 14 49 70 72
08 14 25 70 72
42 47 52 69 70
06 07 09 53 67
43 44 48 69 70
09 52 54 57 69
10 11 14 56 57
10 14 29 63 72
08 10 11 14 50
14 54 69 71 72
45 49 52 54 66
13 24 65 73 74
14 30 33 65 73
27 55 66 73 75
14 39 45 66 73
05 12 35 53 75
12 37 50 67 75
01 47 58 64 73
12 42 55 63 64
02 03 31 50 73
02 31 39 64 73
04 42 52 56 73
04 39 41 54 73
04 12 32 55 59
38 55 60 65 73
04 12 33 38 62
06 14 66 68 73
01 04 50 58 73
02 36 52 65 73
04 30 49 64 73
12 14 42 61 69
08 14 33 37 73
01 12 43 69 75
01 60 61 66 73
30 32 65 66 73
06 12 42 44 62
06 35 58 63 73
02 06 12 30 51
04 14 47 70 73
32 54 65 67 73
05 06 12 50 61
05 29 52 67 73
09 12 14 31 68
01 12 61 64 68
10 14 48 49 73
10 12 13 35 74
12 14 46 58 71
10 12 38 52 75
01 10 47 73 75
45 48 71 73 75
04 10 52 73 75
05 14 65 71 73
01 08 37 51 73
35 42 62 69 73
08 40 57 62 73
08 12 33 46 62
08 37 59 63 73
08 32 42 64 73
12 35 56 64 69
12 14 27 41 72
09 12 42 54 62
03 12 14 64 73
05 13 49 58 75
05 13 14 34 63
54 62 66 74 75
04 14 26 66 74
04 42 67 74 75
07 14 49 56 74
12 32 68 73 75
07 13 14 30 57
05 13 14 64 68
06 07 13 14 26
08 13 14 33 59
08 13 14 53 54
05 13 14 36 69
04 09 64 74 75
09 13 14 48 69
10 14 37 61 74
01 14 49 71 74
10 13 14 43 51
10 14 31 46 74
34 50 60 71 73
02 10 38 49 73
36 53 56 62 71
01 43 47 61 71
10 36 43 60 63
02 09 36 41 70
10 52 56 66 73
40 61 62 63 71
01 10 38 56 63
44 59 67 71 73
25 38 54 61 71
40 43 46 66 71
05 10 36 50 60
35 40 54 66 71
26 47 54 55 79
13 25 69 73 75
13 48 71 73 75
04 14 72 73 74
11 12 40 59 60
30 33 35 55 80
04 06 15 29 32
28 51 66 67 76
30 53 66 67 76
05 15 25 40 67
04 05 06 41 76
04 05 15 57 68
15 52 61 67 68
06 15 50 51 68
04 08 28 64 76
05 08 31 39 76
05 36 55 69 76
06 07 08 15 55
09 47 62 64 76
15 25 51 65 70
27 38 66 70 76
05 09 15 40 42
09 50 63 67 76
04 07 15 67 70
04 15 41 66 71
06 15 33 66 71
37 61 68 71 76
10 38 47 68 76
05 07 09 15 70
06 46 68 71 76
15 37 54 69 71
08 10 40 49 76
26 64 69 71 76
43 68 69 71 76
07 10 15 33 69
31 39 70 71 76
09 48 57 71 76
09 10 15 63 69
28 44 65 72 76
04 11 33 59 76
15 52 62 65 72
15 47 51 68 72
01 15 59 68 72
11 15 51 65 68
08 15 43 53 72
11 15 39 40 69
15 32 45 69 72
08 11 15 53 55
08 54 58 72 76
09 11 15 47 53
03 09 15 50 72
03 11 15 50 70
10 33 36 72 76
02 10 11 15 66
01 05 11 72 76
15 30 39 67 73
06 24 53 73 76
02 06 54 73 76
15 38 64 67 73
04 15 31 67 73
07 12 15 43 58
02 12 37 68 76
01 40 69 73 76
19 21 49 53 76
09 44 53 73 76
15 46 53 70 73
27 35 72 73 76
01 07 15 72 73
01 10 12 15 72
29 30 38 39 73
06 13 29 48 76
07 35 58 74 76
03 30 56 62 74
13 30 58 63 64
43 68 69 74 76
02 05 13 39 55
13 38 49 63 66
04 13 49 52 66
03 04 13 70 76
06 13 36 53 63
03 43 63 67 74
02 12 57 68 73
04 07 13 30 41
04 13 30 49 68
10 14 52 74 75
07 68 71 74 76
09 10 67 74 76
11 28 58 74 76
11 13 29 60 76
03 11 13 15 36
02 13 40 43 70
03 13 44 53 70
15 47 71 72 74
10 37 48 64 74
11 15 42 73 74
07 14 43 64 76
05 14 15 66 68
08 14 15 24 28
08 14 43 65 76
15 36 58 70 75
01 09 29 75 76
05 10 31 75 76
11 14 31 59 76
04 11 14 15 33
11 27 69 75 76
04 13 29 57 72
01 02 11 42 44
11 14 15 47 70
01 10 36 64 71
06 11 13 33 63
04 11 38 39 51
07 11 34 47 74
11 13 31 51 69
01 11 41 47 67
11 38 54 63 67
14 15 41 42 73
14 15 48 58 73
12 14 30 47 76
10 14 15 63 73
15 43 68 74 75
11 13 15 37 75
06 12 13 14 76
12 30 47 48 74
12 29 33 62 74
12 13 31 49 65
13 14 70 73 76
01 50 53 70 72
01 24 34 36 74
16 26 37 40 62
05 34 61 67 77
02 16 29 66 68
05 07 08 47 77
05 06 16 54 70
16 30 49 68 70
07 16 61 66 70
08 16 28 63 70
08 09 16 64 68
16 43 65 66 71
04 05 10 68 77
10 32 66 70 77
11 45 62 67 77
40 66 67 72 77
08 16 58 63 72
07 08 56 72 77
02 10 70 71 77
09 11 16 58 63
04 16 36 70 72
46 66 70 72 77
38 63 71 72 77
09 11 66 71 77
12 16 53 64 66
05 07 12 16 66
12 16 52 64 69
09 12 16 26 37
05 09 31 73 77
09 12 16 43 67
01 09 12 68 77
12 16 60 69 70
12 31 59 71 77
16 60 64 71 73
10 11 16 67 72
12 45 69 71 77
04 16 24 72 73
05 12 38 72 77
04 13 27 42 62
16 28 36 65 74
13 48 64 66 77
02 06 13 62 77
04 13 16 35 67
04 56 67 74 77
26 47 68 74 77
01 16 49 68 74
13 40 65 69 77
06 16 39 69 74
09 24 65 74 77
02 16 59 71 74
06 13 62 72 77
07 11 66 74 77
08 13 40 72 77
12 63 65 74 77
58 71 73 74 77
18 40 44 71 72
09 39 56 59 76
11 13 69 73 77
02 06 14 16 60
04 07 14 16 43
03 08 42 75 77
14 29 41 63 65
04 05 45 48 75
07 10 16 25 75
02 43 59 68 75
07 56 62 64 75
04 07 51 63 75
03 04 07 14 39
14 26 69 71 77
20 34 49 53 78
08 14 35 44 53
37 48 65 69 75
07 68 72 75 77
07 23 24 55 56
40 48 62 71 75
10 14 54 61 63
10 14 33 46 63
03 37 64 71 75
04 10 14 56 59
09 10 13 75 77
11 16 59 74 75
16 24 32 33 61
30 59 68 72 75
14 37 53 68 72
12 14 16 24 74
14 47 73 74 77
13 16 53 73 75
32 63 66 76 77
05 06 32 76 77
32 47 53 60 65
08 09 27 76 77
07 10 15 26 77
10 15 16 62 69
01 15 63 72 77
06 26 72 76 77
01 15 16 70 73
03 12 14 38 56
32 45 66 73 75
01 03 34 47 73
14 40 62 68 73
04 07 14 34 73
12 14 60 66 68
14 65 66 68 73
02 03 06 43 73
09 13 15 40 77
01 12 35 43 71
07 24 29 35 56
38 57 66 72 77
19 42 63 75 78
13 14 53 54 64
04 15 16 38 50
08 44 64 66 78
02 08 31 68 78
07 09 34 66 78
05 09 17 30 69
06 09 59 69 78
07 17 38 64 71
07 10 35 67 78
06 07 17 56 71
05 08 17 34 71
06 11 42 62 78
02 11 17 29 67
05 11 62 67 78
07 44 67 72 78
05 12 38 42 78
42 55 69 73 78
08 11 64 72 78
06 08 17 39 73
09 12 52 65 78
03 04 12 70 78
29 38 71 73 78
12 60 63 71 78
06 46 71 73 78
12 26 67 71 78
02 12 17 42 72
11 12 17 30 66
06 11 57 73 78
16 64 66 74 77
05 13 17 29 67
01 04 07 13 78
04 17 69 70 74
04 13 17 28 72
01 13 66 72 78
02 17 64 73 74
12 13 17 54 71
07 31 66 75 78
06 17 66 67 75
09 37 66 75 78
08 09 57 75 78
17 29 44 71 75
17 43 66 71 75
31 42 48 60 75
04 11 14 38 78
05 17 50 72 75
17 52 69 72 75
05 33 38 58 78
06 11 72 75 78
02 12 67 75 78
02 12 14 17 70
04 12 17 70 75
03 39 74 75 78
04 05 13 14 17
17 60 67 74 75
13 17 64 67 75
56 69 74 75 78
10 27 32 33 42
10 13 14 70 78
31 61 65 77 80
15 45 63 64 66
08 10 17 68 76
09 15 66 71 78
01 15 44 66 68
07 11 31 76 78
03 06 09 29 76
13 15 44 69 78
02 04 11 15 41
05 11 15 34 35
11 32 55 67 76
02 06 11 55 76
12 29 34 55 78
15 17 57 73 74
14 17 39 45 76
08 14 15 17 42
34 71 75 76 78
53 62 64 73 76
17 34 53 63 77
16 25 66 69 78
01 05 08 77 78
08 28 70 77 78
06 10 16 49 78
09 44 46 71 78
04 11 46 48 52
02 16 50 73 78
04 16 68 73 78
13 16 45 64 78
04 13 16 17 24
05 13 17 62 77
04 05 17 74 77
13 32 63 65 76
06 13 15 33 54
02 12 46 65 73
09 15 33 40 74
07 60 62 67 74
20 39 40 49 58
05 36 75 77 78
08 16 17 63 75
09 16 17 28 75
09 17 63 75 77
16 17 47 71 75
10 14 60 77 78
26 30 35 66 77
13 39 40 50 66
08 23 43 50 71
12 16 46 49 77
15 16 59 68 78
10 16 65 76 78
13 42 49 61 77
19 29 35 64 78
01 17 34 40 46
33 36 38 40 76
24 27 44 61 70
13 16 25 41 42
13 30 33 61 75
09 27 30 50 57
02 03 15 45 75
36 39 75 78 79
17 40 51 65 71
11 22 24 55 64
11 50 54 55 59
11 39 43 48 62
02 15 24 49 60
24 33 43 66 68
09 16 37 45 77
03 08 52 70 79
01 04 08 70 79
08 09 29 66 79
08 09 18 25 67
07 10 59 65 79
04 05 18 58 72
05 11 60 68 79
08 11 46 68 79
04 10 18 58 72
52 67 71 72 79
05 12 18 44 69
10 12 29 65 79
12 18 67 68 71
09 18 38 71 73
14 34 63 73 76
08 28 33 54 56
13 61 65 67 79
05 07 13 66 79
07 08 13 18 24
07 09 13 18 24
13 18 39 65 71
09 18 43 71 74
13 18 28 62 73
02 12 13 18 28
02 03 12 13 18
12 13 18 59 66
36 41 51 66 77
02 10 11 25 48
06 08 14 20 58
20 34 66 70 75
01 10 36 46 80
07 10 20 24 75
02 31 33 45 72
01 04 12 25 61
22 36 41 68 77
09 20 63 66 76
03 06 10 20 76
16 25 39 58 68
24 36 43 73 75
02 03 25 31 74
03 13 25 56 65
09 13 15 20 53
13 19 42 58 64
20 30 39 45 73
06 11 25 35 74
05 14 16 24 76
08 13 18 26 29
10 30 60 71 78
08 28 42 47 78
28 33 65 71 76
03 20 63 68 77
15 20 66 69 76
03 16 20 62 71
12 20 64 69 77
08 12 16 20 64
08 27 34 59 61
03 14 20 31 51
04 20 32 75 77
27 39 50 74 76
06 24 26 29 32
09 25 57 63 75
02 42 53 72 75
16 24 47 61 68
20 26 48 59 74
14 18 30 51 60
11 17 26 48 56
42 56 57 66 77
07 09 11 25 75
09 25 40 41 61
21 32 34 41 46
14 17 19 36 37
12 14 25 58 68
23 31 33 34 40
09 25 26 31 40
02 48 55 71 74
11 23 29 62 70
44 54 56 73 80
04 13 51 52 62
23 32 40 46 55
13 18 22 31 32
13 39 40 45 55
13 25 57 64 75
11 40 50 74 78
08 15 38 44 80
17 20 29 56 61
23 48 53 56 77
08 20 68 70 78
08 12 16 40 59
12 40 60 69 77
06 24 65 66 78
01 13 15 56 61
01 04 48 57 78
15 26 58 62 79
01 09 14 20 78
13 20 29 38 77
08 12 17 24 43
07 12 17 51 53
07 50 52 73 78
03 24 35 46 79
15 26 55 71 79
05 20 53 56 78
20 33 62 63 69
21 29 44 53 80
06 11 15 25 48
40 66 70 72 78
09 13 14 19 32
17 44 60 61 77
19 23 37 57 62
11 43 48 57 67
12 18 39 40 60
09 13 48 74 76
03 16 37 48 60
04 13 30 49 63
24 41 55 62 70
03 12 29 46 47
02 05 27 29 80
14 24 38 69 78
08 27 29 56 80
11 15 42 44 56
15 17 24 54 74
12 24 31 71 80
02 04 27 36 51
04 26 59 68 80
08 32 40 49 55
14 15 47 50 72
09 19 42 61 73
06 42 51 52 80
07 13 34 68 78
13 14 23 43 56
13 52 54 61 70
04 32 46 48 65
42 56 62 65 79
20 33 48 69 70
07 21 54 62 77
10 17 41 60 66
10 20 65 66 79
19 27 29 55 72
16 35 49 50 74
05 14 15 25 73
08 31 50 69 72
30 51 57 66 79
03 05 18 31 36
01 03 05 67 79
02 06 07 31 79
08 35 47 54 79
02 09 32 64 79
01 21 28 44 48
10 22 36 38 65
04 12 18 61 69
36 37 38 48 78
07 19 31 45 55
03 20 29 39 74
05 11 12 40 79
13 23 61 66 74
18 30 49 59 60
15 20 48 75 79
07 19 34 59 62
05 41 56 74 79
04 05 18 64 74
05 13 18 41 68
13 18 40 52 70
03 22 34 72 75
03 19 35 75 79
01 20 31 36 61
30 32 34 43 49
06 08 25 43 77
22 24 41 57 70
08 17 34 49 67
01 17 26 27 47
18 40 62 66 75
11 15 29 48 67
14 34 40 42 62
24 46 50 62 68
24 38 60 77 78
08 19 24 30 47
14 41 51 73 80
13 16 25 32 69
06 33 35 40 51
04 21 49 51 52
14 17 45 54 72
09 23 29 34 43
04 37 47 52 79
19 32 37 44 69
20 25 57 67 78
33 36 50 51 69
05 17 18 20 45
03 19 26 43 74
02 19 33 42 80
01 09 18 40 76
03 26 63 74 76
17 37 68 74 80
01 07 13 31 56
21 27 36 41 51
25 40 45 59 76
02 22 31 35 53
22 30 44 64 80
45 53 68 73 77
14 16 40 60 68
01 26 34 37 58
09 30 38 39 54
21 28 39 67 76
02 13 31 56 71
19 39 54 55 61
01 16 41 42 74
14 19 32 37 45
29 41 53 64 76
34 53 67 73 79
14 17 32 44 68
46 49 55 57 70
02 18 51 64 65
05 26 37 38 76
12 18 26 48 56
11 21 41 71 79
12 42 46 49 80
37 40 51 64 74
36 50 55 58 75
18 20 23 51 56
07 08 18 25 35
24 62 71 78 80
14 21 69 70 79
02 14 16 34 54
09 18 25 65 72
18 35 48 63 65
02 04 35 45 79
16 19 27 62 69
23 25 41 72 75
05 15 49 65 78
46 53 72 77 79
08 11 18 30 57
15 26 31 36 43
13 30 47 50 78
26 47 69 72 78
03 04 26 60 61
01 21 50 55 68
43 44 45 53 74
02 21 44 46 69
38 41 50 51 72
32 34 46 58 80
12 21 74 77 79
26 56 64 66 67
23 37 58 67 69
39 43 61 64 75
07 26 59 60 66
17 22 54 57 59
01 10 23 41 76
11 12 26 29 77
31 39 46 66 79
05 26 48 61 69
13 38 44 53 64
04 21 23 29 79
22 28 51 58 75
10 36 40 51 72
05 24 40 55 73
06 16 21 48 80
09 21 37 42 68
06 43 44 57 80
11 21 52 63 70
09 26 42 55 66
21 23 29 49 77
06 10 21 28 77
16 28 41 47 57
18 24 50 63 78
03 18 24 60 78
01 24 68 78 79
33 35 56 60 74
22 32 37 47 51
26 52 56 75 77
05 40 47 67 78
02 20 23 43 51
01 03 20 23 35
10 27 35 54 73
06 14 18 35 61
18 19 50 54 67
13 24 61 62 78
09 12 21 57 62
13 15 21 45 53
12 40 49 56 76
34 41 44 60 72
28 30 42 50 78
17 40 52 54 80
09 19 34 55 60
01 40 54 78 80
01 12 53 61 63
07 12 27 49 54
01 34 40 63 75
30 54 55 64 78
19 24 30 57 75
15 21 23 42 67
08 26 48 66 71
01 18 20 50 70
16 27 42 53 66
51 62 70 76 78
07 14 34 49 63
51 58 64 68 74
04 34 35 58 74
05 17 29 49 72
08 18 32 62 80
09 33 60 70 75
09 24 26 44 62
01 29 53 57 60
16 18 49 57 66
04 18 55 57 74
24 36 45 64 76
07 08 34 61 75
02 29 31 39 70
07 13 21 47 63
12 38 39 50 77
21 22 48 50 80
02 06 50 56 80
06 24 35 42 62
34 65 68 69 80
04 07 19 55 69
06 09 19 46 67
45 58 71 73 79
09 19 35 49 70
03 06 10 19 43
06 08 10 19 63
04 24 47 49 69
08 24 44 57 65
12 34 35 44 63
02 12 35 44 80
02 23 37 58 72
19 35 61 67 73
23 37 62 63 72
03 10 23 32 51
26 34 42 64 78
05 12 19 65 71
09 39 40 52 59
30 40 42 52 76
12 14 35 39 56
35 39 57 73 75
18 24 41 67 76
27 28 50 65 76
20 32 38 56 65
11 56 61 69 78
16 28 33 57 64
01 54 60 73 75
06 20 37 51 69
24 32 35 39 71
06 55 57 58 59
03 15 30 56 72
03 26 35 52 72
07 16 19 55 62
03 18 42 48 71
02 12 20 56 80
09 12 35 36 59
10 22 26 48 78
02 18 20 23 38
17 25 37 75 76
18 32 56 58 64
01 18 32 47 64
11 25 49 51 53
04 21 43 52 58
05 18 37 39 58
10 44 58 59 61
09 15 27 28 61
11 21 36 37 70
01 26 48 55 63
06 24 40 46 67
12 21 49 56 73
28 32 34 37 66
03 33 41 53 59
04 08 18 47 78
08 24 26 35 75
40 48 55 61 66
13 34 55 64 80
13 19 27 30 44
02 21 34 47 60
05 21 43 51 66
36 45 61 76 79
01 25 27 32 51
10 40 52 61 69
28 30 49 61 80
34 49 59 70 74
04 24 34 39 55
12 26 36 45 75
01 37 45 56 73
07 13 17 59 79
01 10 34 49 76
29 51 56 69 76
01 20 51 67 78
17 35 55 62 77
19 42 43 50 78
04 36 53 73 79
28 49 58 63 76
33 36 49 65 78
04 28 51 58 76
04 35 43 61 74
10 12 24 55 60
04 47 51 63 75
07 17 29 55 78
17 28 35 38 56
29 40 44 50 74
21 37 42 53 61
06 17 31 40 66
17 44 51 61 63
08 29 51 61 79
39 53 55 58 78
35 45 59 68 74
13 36 41 71 80
26 49 64 65 67
09 21 24 63 69
02 06 26 37 68
04 06 10 21 58
09 21 54 67 71
01 08 26 65 69
04 06 09 26 64
11 13 21 41 54
05 21 24 69 73
10 26 42 47 63
04 10 26 51 63
02 06 10 26 47
18 34 36 61 70
09 13 21 29 69
35 43 48 52 72
07 08 14 39 52
12 38 49 53 77
05 14 21 31 65
07 10 21 49 75
04 12 26 54 62
02 12 27 46 59
07 44 49 57 75
08 12 26 36 59
19 53 61 72 75
11 26 40 54 73
21 35 66 71 76
14 27 43 59 66
04 09 52 66 80
07 13 21 34 76
05 15 21 70 75
04 31 35 45 72
06 23 31 38 52
18 25 35 41 60
07 17 26 41 63
26 38 40 48 79
15 32 36 38 53
09 14 16 52 71
04 25 40 55 59
18 21 23 54 74
26 33 46 58 79
26 33 62 65 67
21 61 67 72 77
05 07 21 28 70
10 21 38 73 77
10 21 28 63 64
21 44 66 74 77
11 21 28 38 64
01 02 16 29 52
31 44 57 61 62
14 33 49 64 77
16 34 38 54 65
13 14 16 21 69
26 33 38 66 71
02 38 43 48 74
07 11 26 29 75
03 14 38 64 65
12 14 26 66 68
02 27 39 53 80
02 04 26 49 55
25 31 53 66 80
06 16 33 36 47
06 19 25 31 42
02 29 63 72 77
15 19 42 50 63
16 17 44 47 57
04 24 25 62 78
39 51 57 75 76
01 18 68 79 80
01 02 34 40 78
05 21 45 75 78
07 17 40 58 73
31 36 46 47 59
13 17 44 49 54
15 24 29 53 60
05 15 26 64 65
09 26 58 64 76
28 61 70 74 77
06 25 35 38 40
43 44 45 51 71
15 18 23 34 60
37 44 49 53 60
41 58 61 66 80
16 29 52 62 73
03 16 25 29 39
05 17 20 54 78
34 39 54 60 77
03 16 21 67 78
03 29 45 61 76
02 34 43 75 78
20 23 40 42 47
14 23 47 55 78
20 40 57 70 79
16 18 31 43 68
37 43 49 61 66
17 18 23 42 76
18 20 34 75 78
16 17 48 73 80
05 30 52 62 75
31 42 45 71 80
04 34 36 48 80
09 34 59 61 79
01 14 30 62 69
06 32 41 52 53
03 22 28 35 45
28 39 42 59 78
30 38 46 52 60
26 30 31 39 60
10 11 40 45 79
31 34 38 58 61
06 16 36 45 63
14 25 49 73 77
42 56 61 76 79
12 13 22 54 74
23 24 32 42 73
27 36 50 68 69
18 29 53 56 68
01 05 36 64 79
25 27 49 54 75
11 14 30 50 70
05 18 22 34 56
15 25 41 61 67
23 33 42 68 74
13 24 26 49 66
29 39 59 60 65
11 40 58 71 78
11 15 29 48 57
01 19 37 44 48
32 45 48 79 80
15 22 34 60 61
16 23 24 27 48
14 22 34 49 77
23 37 56 71 77
01 08 18 36 53
13 33 38 39 72
20 48 60 73 77
12 50 59 73 80
10 34 58 75 80
30 38 47 50 68
47 51 58 60 76
02 26 45 78 79
14 20 28 43 48
13 23 37 40 63
14 15 18 30 57
05 14 18 43 76
11 15 52 58 78
08 18 25 35 77
54 55 62 71 78
08 20 43 71 80
19 22 31 40 45
24 25 32 68 71
10 36 60 73 80
09 19 20 40 74
28 33 42 62 63
33 38 58 60 62
06 13 19 20 72
13 15 25 42 77
09 24 31 45 55
09 24 31 56 60
14 20 46 49 80
24 36 44 45 46
07 19 36 43 74
21 22 40 51 74
10 29 42 63 80
05 10 19 29 50
14 49 54 57 76
16 27 33 45 75
14 32 38 51 60
11 26 58 61 70
14 22 24 59 72
20 45 58 69 78
05 15 32 33 48
04 29 34 46 73
25 46 52 61 74
16 20 27 67 80
05 19 20 66 77
01 11 53 57 79
12 16 19 20 68
10 36 39 54 79
31 38 41 70 79
02 18 64 67 77
04 34 40 46 77
07 27 45 53 56
10 18 26 72 79
06 07 16 50 56
01 05 14 24 25
15 27 31 56 63
17 19 39 43 54
31 39 45 69 78
04 09 44 45 77
06 09 49 57 77
35 42 44 70 76
28 50 60 61 76
14 19 22 51 65
04 15 35 42 46
23 28 40 49 73
05 14 33 52 59
32 37 60 62 77
06 16 41 74 79
05 27 30 50 62
22 35 38 53 71
16 38 58 64 72
02 05 11 16 51
12 39 46 73 77
09 10 23 33 47
17 22 25 39 40
25 26 38 53 66
02 17 25 41 68
12 13 16 44 79
12 16 18 47 74
14 25 28 46 52
03 19 27 58 66
25 40 69 71 78
44 53 54 57 75
15 26 29 47 79
13 20 31 62 79
10 25 64 72 78
03 37 41 53 63
09 19 24 59 61
30 32 38 51 73
16 18 40 62 75
02 20 29 33 46
18 20 35 58 80
22 29 38 58 62
01 27 30 38 62
21 27 37 48 61
17 28 51 56 75
07 17 25 49 74
07 11 19 29 39
17 44 49 50 65
01 02 12 16 56
01 52 53 57 80
04 14 15 29 36
04 16 25 29 49
07 29 66 75 76
01 13 17 25 73
15 18 31 54 55
01 06 29 30 74
06 08 22 25 47
20 49 56 60 67
19 27 30 41 66
12 25 32 39 76
05 07 19 27 46
24 27 34 44 47
23 26 33 73 79
02 16 60 64 79
19 22 29 30 32
18 36 49 56 79
09 45 50 52 58
09 16 36 48 67
26 49 52 54 57
18 33 44 49 69
20 21 47 57 60
01 20 37 73 79
11 39 44 50 74
25 44 59 63 73
06 14 75 77 79
31 55 70 78 80
03 33 49 52 75
18 34 41 57 63
13 14 42 58 61
01 28 34 38 43
04 24 38 67 79
31 33 53 59 79
09 24 35 63 79
06 18 24 39 70
03 20 53 57 78
05 28 40 47 73
31 46 47 60 67
05 18 26 46 65
15 26 31 41 56
01 08 23 41 59
02 13 16 42 67
30 43 48 52 71
41 54 57 62 77
04 15 17 25 64
05 36 39 70 78
08 14 30 62 75
10 34 37 74 77
07 36 42 49 76
06 25 27 37 52
25 32 34 37 68
16 48 53 61 74
27 30 38 40 46
15 30 56 67 70
20 28 42 56 75
02 39 47 50 62
14 21 25 26 47
28 38 52 59 71
11 12 35 63 80
12 19 52 64 72
07 12 19 58 72
08 11 19 41 73
09 19 35 72 73
26 36 43 46 74
34 35 43 46 49
25 41 46 64 70
12 22 31 36 47
09 16 21 55 80
09 21 47 77 80
02 12 14 16 29
04 43 65 75 78
11 62 65 74 80
06 24 38 54 72
10 22 40 55 79
21 46 50 60 67
01 16 30 45 50
01 16 30 60 67
05 29 37 60 66
09 24 63 64 72
02 14 38 39 52
16 29 32 48 54
14 19 21 74 77
37 47 52 72 79
24 26 63 72 75
08 30 39 70 77
15 26 51 58 65
37 49 65 72 79
16 18 21 50 78
23 26 36 43 65
12 19 66 68 75
06 16 31 36 53
48 52 53 67 78
19 33 53 61 63
01 08 43 65 80
05 21 23 66 67
29 33 59 66 77
41 49 52 56 74
18 26 48 53 75
02 08 09 26 78
27 57 60 61 77
26 48 56 63 69
28 41 55 56 75
08 29 40 46 74
04 21 33 45 46
17 37 53 69 80
12 21 27 45 75
19 22 44 55 73
05 44 53 67 77
09 23 26 44 70
29 34 40 54 79
29 55 61 69 71
10 29 44 56 69
07 10 29 41 68
03 28 41 58 75
12 16 30 60 67
12 16 30 55 68
03 15 40 69 80
02 04 22 50 61
15 19 51 63 72
18 19 32 34 78
07 16 21 28 77
30 53 59 64 80
12 45 57 61 65
22 30 49 63 64
03 16 32 37 50
19 31 50 59 62
03 35 68 75 78
14 17 26 51 67
12 25 27 34 76
14 20 34 73 75
03 24 37 63 74
25 32 39 42 52
33 42 57 67 75
17 35 55 69 75
13 18 39 60 68
25 52 53 58 78
16 44 49 50 53
24 38 44 50 57
02 04 20 25 57
06 48 53 77 79
01 25 53 67 74
18 20 39 57 68
17 32 44 65 80
11 15 43 51 73
02 11 34 36 53
05 27 31 35 53
04 15 19 40 75
08 18 30 44 70
02 17 29 34 68
16 38 53 54 55
06 13 18 21 80
20 53 60 70 74
07 21 60 72 75
01 18 20 23 26
13 17 36 54 70
18 50 55 65 77
16 40 45 46 80
27 30 48 66 73
02 18 33 56 79
09 21 43 48 71
13 15 25 39 44
04 31 34 64 76
13 24 27 50 61
04 31 57 68 76
22 51 52 70 71
04 23 24 25 31
14 33 55 60 75
05 31 33 53 73
04 13 32 33 51
19 28 30 43 45
20 22 25 52 67
14 17 20 27 31
26 35 71 73 80
04 15 44 52 62
09 15 38 49 50
33 35 50 54 73
04 25 35 44 62
16 19 36 54 59
04 07 16 19 62
16 33 54 56 59
21 27 43 46 75
05 14 31 41 49
03 23 34 45 53
07 17 19 40 63
19 42 67 72 77
09 12 23 37 44
03 19 33 58 80
01 17 47 68 71
04 16 29 47 76
06 15 26 28 60
21 40 43 53 59
14 36 42 67 80
22 32 34 43 51
02 05 62 79 80
02 19 62 67 79
28 53 57 61 80
21 29 58 70 72
01 17 20 50 75
12 25 33 42 74
23 29 35 52 75
31 60 62 73 76
31 38 62 73 76
11 28 41 69 72
01 19 26 60 61
12 23 32 43 59
15 27 30 58 61
20 35 37 42 71
08 45 49 62 75
14 18 25 75 76
12 21 29 43 69
09 24 44 52 75
45 48 55 59 80
04 30 33 39 47
16 25 27 33 74
12 18 46 49 64
26 44 51 61 74
28 33 35 74 79
01 52 57 69 79
17 19 20 26 47
17 19 21 61 63
09 39 60 74 79
18 38 55 56 66
37 54 65 70 80
15 23 34 59 72
04 25 26 42 61
14 17 43 44 57
04 19 48 76 80
21 40 43 67 68
36 42 52 62 74
19 31 61 62 71
18 29 35 63 68
06 29 44 45 58
06 28 40 45 76
13 14 29 53 56
14 31 35 37 75
15 19 51 55 57
41 58 70 71 80
05 06 25 26 34
07 25 26 52 63
04 17 18 27 56
16 50 59 66 79
02 22 37 59 77
48 73 76 77 80
22 23 24 44 67
04 40 41 60 63
24 29 56 64 68
06 19 21 27 58
28 36 38 53 57
19 33 37 38 49
15 30 31 49 52
12 34 48 55 79
20 21 65 68 76
24 29 36 69 70
08 24 29 54 70
09 11 39 40 55
03 09 12 24 80
11 29 42 63 72
20 21 64 74 76
29 43 45 72 79
24 29 40 68 76
04 33 58 61 76
04 30 31 48 72
19 24 37 49 74
15 27 55 60 80
08 33 47 53 61
26 40 45 66 71
08 26 30 33 65
22 28 45 48 62
11 21 31 49 65
03 18 70 79 80
12 14 55 59 68
02 39 44 49 65
21 45 50 56 69
05 43 56 74 79
23 28 42 65 77
15 33 39 55 62
15 26 28 45 64
01 09 26 35 78
15 21 61 62 65
14 18 59 60 64
07 22 56 62 66
27 41 42 45 67
05 15 18 55 78
01 13 36 41 71
13 20 33 56 65
01 21 57 70 76
19 38 40 44 58
23 24 33 52 62
07 24 39 58 76
25 31 34 39 65
33 40 56 70 74
03 38 50 69 78
02 17 59 62 80
19 24 32 35 72
12 14 27 46 61
17 44 66 70 80
05 10 42 78 80
09 15 22 38 68
07 14 25 38 68
07 08 17 47 55
08 17 43 50 68
26 34 60 69 74
49 61 67 76 78
44 49 59 70 78
15 25 26 35 55
41 47 50 69 80
04 12 63 78 80
07 18 32 53 72
08 13 53 54 55
17 37 40 63 79
18 21 30 33 77
11 29 48 56 72
12 18 28 45 73
22 31 34 73 74
10 56 62 70 78
17 20 21 65 77
13 19 26 35 57
31 35 41 66 75
04 06 18 40 74
17 29 43 53 56
02 11 41 67 78
10 28 57 75 80
20 33 41 46 67
29 44 52 70 76
28 61 70 75 78
14 28 39 71 77
01 27 49 57 63
06 19 26 36 43
23 35 52 56 76
06 58 61 63 79
05 15 38 48 77
02 21 24 28 56
16 37 41 54 56
12 36 38 42 80
13 26 33 39 56
17 29 35 52 63
02 08 33 60 75
20 39 48 64 65
37 46 51 59 62
30 40 45 57 64
01 05 41 57 78
06 11 41 43 53
19 20 47 56 76
27 34 46 55 70
03 07 26 66 79
11 13 24 29 48
08 26 50 70 79
07 14 17 74 80
09 13 16 37 58
16 22 38 50 62
02 06 32 53 78
21 30 47 55 67
27 43 51 53 78
31 35 41 44 47
02 13 18 26 62
03 13 26 55 79
26 36 38 47 52
15 24 53 65 66
04 15 24 39 66
15 24 61 65 66
01 25 27 49 53
07 11 41 49 59
22 26 34 39 40
02 21 30 48 51
03 21 30 46 59
21 30 54 58 65
07 30 36 50 66
21 28 66 68 79
25 33 45 66 79
33 50 56 62 74
01 21 28 70 79
05 13 30 43 79
15 27 29 33 60
15 45 55 62 65
25 43 52 54 78
19 38 41 53 78
19 24 40 60 77
16 19 24 50 55
06 20 56 57 62
05 28 36 39 80
07 15 19 34 52
21 30 54 66 71
08 18 59 64 68
11 35 42 78 80
13 15 21 52 72
15 40 61 68 78
11 35 46 55 77
17 28 29 41 77
14 51 52 55 70
01 11 25 33 79
21 41 48 49 61
19 29 47 55 75
09 18 29 69 80
16 42 43 62 68
16 28 33 57 61
11 18 20 58 60
19 38 47 49 74
35 51 71 77 79
21 30 62 63 73
20 23 30 39 53
01 11 17 18 37
11 38 39 44 45
20 33 42 49 72
28 32 39 54 58
20 22 34 38 49
10 52 54 57 63
19 23 26 53 56
27 32 44 46 49
03 15 40 69 78
16 37 43 50 59
06 09 47 49 77
33 41 52 56 75
25 28 35 54 69
02 22 24 56 78
17 26 44 55 62
10 19 33 39 78
01 20 38 55 70
31 34 53 65 78
21 56 67 68 77
19 22 28 31 33
12 35 48 58 60
12 17 54 58 67
13 15 24 36 44
17 26 37 66 79
28 45 48 49 66
07 09 21 33 53
26 28 51 64 74
04 19 35 42 49
02 37 58 74 80
23 31 47 58 76
13 21 30 38 58
18 22 31 45 79
04 29 35 46 47
22 23 25 36 39
22 34 49 54 80
02 19 27 54 65
24 32 51 61 63
33 53 56 71 79
09 25 37 40 70
05 20 34 43 60
23 40 41 78 80
52 56 61 65 80
15 18 44 55 74
01 09 50 61 79
06 34 37 45 75
46 54 58 59 70
09 22 24 41 78
01 24 30 62 71
17 22 27 36 57
10 24 30 40 70
32 41 45 53 66
06 18 34 37 57
19 22 42 69 72
02 17 51 67 74
06 18 26 65 77
05 32 41 51 76
07 16 31 49 55
35 40 47 49 53
02 08 16 31 54
21 38 52 61 67
08 20 41 49 66
26 43 54 57 65
11 16 64 75 77
14 17 50 64 72
06 15 27 38 39
16 31 55 66 71
22 25 26 55 74
17 18 26 46 59
18 30 37 45 70
06 18 32 48 69
08 21 38 61 67
08 13 16 26 79
06 24 30 61 73
01 21 33 39 48
21 25 38 42 60
02 17 20 60 68
03 35 37 57 80
08 25 26 47 78
04 26 36 56 60
21 38 60 64 70
04 09 18 32 58
09 29 35 55 70
15 16 20 31 55
17 24 50 56 66
29 42 49 71 73
12 39 41 68 78
05 24 37 53 71
46 47 51 60 76
23 27 40 72 73
22 44 73 75 76
17 26 28 50 72
05 12 16 47 58
04 12 27 36 44
28 41 58 60 79
27 44 54 70 73
15 40 42 43 52
19 31 32 54 78
01 12 23 46 51
43 52 53 72 80
09 35 45 48 49
02 21 22 52 74
10 14 15 29 31
05 13 15 45 53
10 17 18 28 31
07 18 32 52 71
11 13 28 30 54
16 31 35 72 73
14 19 38 45 47
13 47 58 75 78
16 21 37 38 60
34 50 54 56 69
04 32 43 44 52
14 27 31 36 45
15 26 34 41 64
12 31 36 52 74
02 27 54 56 63
18 41 45 68 72
28 34 36 38 48
12 27 30 40 61
01 20 40 42 75
16 31 36 44 68
50 54 63 79 80
40 43 51 52 76
47 67 71 79 80
06 17 25 26 76
31 53 55 60 68
38 60 73 78 80
28 39 40 42 64
18 33 41 42 77
07 25 26 37 55
07 22 55 62 65
25 40 61 69 78
48 51 62 72 79
46 56 65 69 76
07 09 10 34 70
33 36 39 44 62
32 56 67 72 79
09 24 32 54 63
23 40 45 59 74
19 24 34 54 77
32 46 63 72 77
13 50 53 56 60
11 35 56 63 77
06 32 51 61 78
54 58 70 76 80
14 19 35 36 64
01 19 27 36 57
25 45 60 76 79
19 25 63 74 77
01 21 33 46 76
25 31 51 60 71
24 32 44 45 69
24 41 47 76 78
02 03 21 36 77
03 26 69 78 79
08 26 38 56 58
04 21 47 67 77
08 16 26 28 60
31 43 46 55 77
09 19 40 54 73
11 19 27 44 78
04 36 51 58 75
13 16 31 35 51
18 51 52 75 78
04 20 24 55 68
36 44 45 60 66
13 17 40 49 51
57 58 64 65 79
06 13 35 46 49
29 33 51 56 58
29 33 51 59 60
11 21 46 72 80
30 31 41 44 60
22 25 28 37 56
31 32 34 45 80
03 24 35 56 62
04 06 15 40 44
15 20 31 33 39
03 19 46 52 64
02 29 46 69 76
18 34 37 40 55
19 31 47 49 65
21 33 53 64 80
26 27 29 40 76
07 47 49 60 78
14 36 49 59 68
14 30 51 53 71
04 29 40 50 55
05 27 32 43 69
03 05 16 32 38
01 16 32 38 67
09 39 45 52 77
03 10 13 37 80
17 37 45 69 72
06 27 42 59 61
16 19 40 51 72
04 07 27 60 70
09 10 22 34 72
11 22 34 44 72
03 07 09 22 73
24 28 34 42 70
04 27 45 69 71
09 12 35 73 75
04 05 27 64 72
04 26 29 53 57
19 21 23 38 45
12 13 22 63 75
20 28 39 52 70
01 07 15 22 71
08 10 22 66 76
02 14 17 29 47
03 17 29 61 75
07 09 46 53 76
20 32 38 40 72
06 13 15 22 32
02 13 27 36 68
04 06 27 68 74
29 63 69 75 78
31 35 38 48 74
11 32 38 41 55
01 11 32 37 62
07 08 37 59 66
03 43 45 58 80
03 23 26 51 60
10 14 62 63 75
24 25 48 52 79
03 04 10 57 76
22 36 53 54 59
02 21 38 54 73
45 52 53 70 76
11 21 33 59 62
16 22 67 72 73
25 28 49 56 75
18 32 34 48 65
20 25 37 46 79
18 21 52 60 72
01 02 27 62 79
04 06 16 22 75
16 29 31 47 69
10 14 22 68 77
40 45 51 61 78
05 16 24 61 65
14 17 21 25 42
16 24 37 41 69
10 16 22 69 76
07 11 31 46 50
08 19 38 42 79
23 26 56 66 76
16 32 38 45 71
07 09 22 53 64
33 38 73 76 79
20 24 45 56 61
04 22 35 40 54
27 40 46 54 65
01 05 27 62 67
22 29 64 66 70
22 51 67 69 70
07 13 15 17 48
09 26 38 45 63
28 33 42 48 76
04 19 30 39 62
02 16 39 55 66
02 21 36 44 51
08 11 22 56 65
09 20 23 38 46
09 22 62 63 72
16 30 40 44 73
11 25 32 39 47
06 27 51 70 79
05 18 24 43 48
02 15 26 48 57
08 12 22 52 64
35 37 67 72 80
26 46 47 48 73
04 07 17 30 44
02 17 22 74 75
04 06 27 57 71
02 17 30 45 70
15 25 26 30 78
24 26 28 48 68
15 27 47 61 71
03 22 63 68 74
10 15 22 74 78
16 17 24 44 65
05 35 39 53 78
01 11 15 27 65
24 25 35 44 73
06 20 24 47 70
14 31 47 49 60
12 20 22 42 79
01 04 13 22 72
17 50 69 73 76
12 18 31 35 45
23 34 36 52 69
03 14 22 32 41
31 45 52 71 77
18 26 29 59 69
12 24 60 66 77
01 32 38 53 77
03 18 38 43 44
13 15 40 54 80
03 17 26 77 79
25 41 48 49 66
34 41 44 54 66
10 17 41 47 50
18 44 59 63 70
17 33 52 60 76
12 17 37 55 64
12 17 37 45 64
14 33 34 55 78
22 32 41 67 75
01 03 18 46 64
42 52 57 58 66
12 27 48 66 67
29 32 34 39 63
21 22 34 37 46
04 15 16 33 44
27 39 55 71 75
02 17 34 37 68
38 53 69 75 78
11 34 40 43 52
17 19 21 31 57
17 23 30 35 60
09 22 68 72 79
13 15 19 35 79
25 31 39 49 76
05 19 43 77 80
09 44 46 57 59
03 26 47 61 72
18 25 26 68 73
10 18 24 69 80
01 26 42 59 75
04 10 44 63 76
15 28 41 44 60
08 39 45 56 57
01 14 46 63 75
13 15 22 43 48
01 22 64 72 76
22 34 36 42 62
02 15 24 30 68
13 29 31 39 44
01 27 38 59 74
18 35 37 50 54
14 18 22 30 33
06 21 31 37 64
08 16 18 22 73
09 15 27 65 76
08 14 30 37 50
31 33 36 59 67
01 08 21 31 58
01 03 13 27 56
23 31 38 51 58
18 32 55 64 73
07 13 27 48 62
06 16 18 22 75
01 10 27 72 77
09 27 59 62 74
09 27 55 63 74
15 41 48 52 58
08 18 59 60 75
10 15 23 36 49
10 17 34 37 64
46 47 61 66 75
26 31 33 50 78
05 32 34 47 78
04 27 46 64 78
11 21 31 40 41
28 30 44 57 70
04 21 31 62 72
07 21 33 47 68
23 41 46 53 71
18 35 59 63 76
01 04 19 53 57
11 12 17 57 74
10 31 42 76 77
26 43 52 60 76
03 15 25 35 47
13 25 26 37 76
17 18 24 26 69
11 25 40 48 73
01 14 32 53 61
32 48 52 62 75
05 18 48 78 80
10 21 52 58 64
20 39 47 71 79
15 23 25 30 37
01 22 30 47 57
02 38 45 47 72
17 30 31 39 75
12 21 23 31 42
05 17 27 58 70
05 14 32 55 56
12 18 37 45 59
30 35 40 43 79
33 38 58 72 76
19 20 22 26 61
19 30 36 51 57
21 24 36 40 71
29 45 56 60 77
09 21 31 70 73
06 22 58 64 77
05 06 16 22 47
16 18 36 60 80
02 16 18 19 47
17 19 30 43 45
03 12 29 38 52
12 28 30 36 39
04 15 28 34 52
15 16 27 50 64
21 29 46 59 76
02 14 21 44 75
07 15 16 40 43
24 57 67 69 77
16 38 42 70 71
09 17 26 49 50
27 33 42 62 68
13 22 46 70 77
04 15 18 51 55
04 14 18 54 75
09 21 39 47 75
07 19 22 40 73
17 56 59 75 78
17 33 41 54 71
07 22 28 41 53
16 35 52 76 77
21 31 44 65 74
11 33 50 51 76
02 04 26 67 80
14 31 38 49 73
10 14 22 73 80
07 26 44 71 80
29 37 45 53 60
07 18 30 41 69
27 33 44 46 63
03 11 14 16 22
10 32 33 51 53
09 23 31 60 80
26 45 46 73 80
24 41 51 57 62
07 19 41 43 45
22 53 62 68 70
03 11 31 40 61
02 03 16 18 63
10 39 43 59 71
05 16 22 65 80
16 33 42 51 62
08 24 31 39 72
30 31 47 64 77
16 30 31 55 69
09 19 32 34 35
09 25 34 56 70
13 15 48 49 80
03 40 55 75 80
34 38 47 63 75
07 18 49 53 71
17 32 49 51 67
05 11 17 27 60
05 11 17 27 53
21 25 59 74 80
15 29 36 59 75
02 42 45 52 71
14 27 35 51 78
16 30 39 56 76
31 40 61 68 72
09 22 66 78 80
24 37 40 44 59
02 27 29 65 68
06 22 43 50 61
01 06 09 17 27
01 02 03 27 65
01 09 27 69 78
20 25 33 43 60
06 22 62 64 69
15 41 59 72 79
14 22 52 78 80
17 31 51 60 74
22 61 65 66 70
16 24 42 71 75
10 27 30 72 78
08 34 35 48 76
01 03 10 22 69
25 41 59 75 77
04 18 29 44 71
14 24 27 73 75
44 46 50 63 79
06 16 58 67 77
01 46 53 70 75
37 52 59 72 79
22 34 35 48 80
07 11 22 48 63
02 22 44 68 72
12 13 22 24 63
04 09 32 34 46
15 30 37 49 62
26 33 48 58 77
11 21 47 49 79
14 27 41 68 78
18 39 49 55 80
06 30 52 60 79
10 17 33 49 60
36 49 62 77 78
06 28 34 44 60
25 41 59 66 74
09 30 33 41 50
22 31 45 47 70
05 22 45 62 73
02 19 50 59 69
13 20 24 42 43
33 49 55 69 76
12 30 48 70 75
33 39 51 56 72
10 32 34 56 63
06 22 40 57 63
11 17 51 61 77
12 36 38 50 53
10 36 39 43 52
19 25 29 45 79
02 38 74 76 77
26 29 34 43 79
15 36 51 55 67
19 33 61 69 74
15 29 52 79 80
01 08 32 58 63
17 20 34 44 46
13 33 46 71 80
25 29 50 71 75
23 30 54 57 67
13 33 44 54 59
02 05 18 45 70
07 24 26 50 66
14 15 20 43 44
17 45 52 73 77
12 38 47 77 78
14 27 31 47 68
15 30 43 63 64
15 18 56 61 68
05 07 22 40 62
22 34 51 68 74
05 16 26 60 80
03 26 29 56 59
26 45 69 77 80
21 26 32 39 51
08 13 22 34 41
33 50 57 75 77
09 13 41 58 60
19 36 49 63 70
06 26 29 44 62
06 09 16 57 60
04 39 50 62 76
02 34 54 60 72
16 39 43 45 77
03 21 39 45 53
10 13 22 50 66
05 14 42 46 58
10 22 39 69 74
07 21 24 45 71
02 19 37 39 75
21 28 51 65 69
05 18 19 31 45
31 34 55 58 67
04 08 18 19 31
02 16 21 46 60
30 41 47 71 78
04 31 34 56 67
07 43 52 63 80
10 16 18 52 59
09 22 56 60 64
03 16 46 52 59
05 30 38 56 77
08 16 23 26 55
28 43 51 54 78
13 31 51 56 69
03 13 53 54 55
18 21 42 56 75
34 49 52 77 79
11 15 16 24 44
01 10 15 39 69
14 15 54 68 75
02 15 30 61 78
10 31 42 54 79
03 28 34 37 46
24 53 66 73 77
24 40 45 49 68
17 28 30 37 46
02 39 41 51 73
08 16 24 39 73
26 36 43 66 77
09 32 57 59 73
06 24 25 38 53
12 30 44 50 79
02 22 38 61 78
15 16 24 27 67
34 51 58 61 73
19 32 57 60 75
19 33 62 70 75
03 19 34 43 61
18 28 30 45 70
06 20 57 63 66
17 40 50 59 73
10 36 48 71 77
28 31 49 53 78
03 20 45 58 68
24 29 32 50 74
02 07 20 53 64
24 29 31 39 42
06 10 20 22 75
11 24 33 34 79
02 14 22 35 66
13 22 49 68 74
01 14 26 34 72
01 06 44 52 80
08 45 49 52 56
04 22 59 69 75
11 19 24 26 71
05 20 52 58 64
09 35 40 68 78
20 39 51 64 70
10 20 50 64 67
04 05 30 43 61
15 20 28 31 53
01 08 25 45 57
20 31 47 59 72
01 11 37 42 72
07 30 47 54 64
15 56 63 65 76
05 14 31 43 51
10 20 58 61 73
21 40 63 72 74
16 23 24 27 28
15 38 48 54 70
23 30 46 59 65
06 26 27 31 48
01 20 51 62 74
12 17 42 49 62
02 16 44 58 64
11 13 20 33 67
02 05 19 61 74
17 19 42 43 64
05 38 41 52 59
04 19 29 33 70
03 09 30 56 58
18 20 46 57 77
07 16 38 54 56
08 20 59 61 66
02 19 49 53 69
02 13 32 48 51
03 14 20 39 68
02 47 60 61 62
06 13 32 47 50
26 29 51 59 62
03 05 16 28 37
08 22 25 43 46
32 35 44 55 65
07 32 40 52 74
03 12 27 61 67
06 25 27 49 73
06 24 52 53 69
17 24 27 63 71
07 48 59 64 74
03 12 44 46 49
08 22 29 63 69
09 12 25 35 63
05 31 59 61 78
06 07 31 52 78
13 31 45 56 63
20 24 44 49 70
13 16 48 57 65
11 20 50 58 74
02 03 27 35 43
12 22 36 72 75
10 31 33 49 52
14 21 22 59 73
18 23 39 53 58
21 57 65 79 80
05 21 61 79 80
03 15 20 57 58
05 08 19 56 60
03 11 17 31 56
04 17 31 52 72
24 32 44 63 71
18 26 37 49 77
04 13 30 32 55
22 31 48 70 76
28 43 56 57 77
05 12 32 44 54
13 25 34 46 61
28 38 55 69 76
10 15 22 55 79
28 31 47 51 59
05 12 22 29 60
02 11 42 54 61
10 17 26 33 38
19 22 32 65 71
27 29 37 50 57
06 15 44 56 76
01 13 31 49 56
04 20 25 34 56
04 20 53 59 70
16 21 53 60 61
17 22 24 46 49
42 54 55 70 74
19 27 35 49 78
18 19 20 42 46
11 27 37 71 79
04 22 24 32 45
03 25 31 44 64
23 42 55 64 75
10 34 41 44 69
03 09 27 50 53
13 24 38 54 78
20 31 56 62 64
26 40 42 53 76
17 20 30 33 68
05 14 15 27 52
25 28 37 61 80
21 23 42 52 56
38 43 60 70 76
04 17 19 51 62
06 23 26 31 66
08 17 34 42 67
18 43 47 69 72
13 32 34 54 78
22 25 30 57 63
31 41 45 52 64
25 27 67 73 77
01 20 27 33 48
35 44 50 57 70
01 20 44 66 77
19 45 53 61 64
29 45 55 75 80
14 27 44 49 50
13 18 37 46 47
26 28 52 58 79
25 45 54 57 70
02 11 13 22 29
14 23 27 40 73
02 26 52 54 58
13 22 29 68 72
18 24 32 37 39
05 22 36 41 79
22 62 67 70 79
08 20 38 71 79
16 31 35 45 51
08 43 58 64 79
27 38 53 72 76
17 32 41 58 69
11 21 31 43 62
12 27 28 30 36
12 28 37 39 67
04 12 17 61 62
28 47 50 65 79
07 13 18 22 32
31 40 44 51 80
14 48 51 63 73
11 16 20 62 75
23 42 50 61 80
22 23 42 54 65
05 12 21 50 57
24 36 61 66 74
01 04 21 26 46
10 29 38 56 63
46 49 54 63 79
09 20 55 70 79
10 19 28 29 73
06 10 41 53 79
02 12 35 55 56
16 36 42 66 68
06 31 39 46 52
22 45 52 56 71
01 21 46 56 79
40 46 50 73 79
01 03 14 19 56
17 21 44 70 71
36 53 54 55 68
14 25 29 60 77
29 34 40 45 47
12 16 29 30 48
10 33 41 45 78
05 29 42 49 74
31 37 38 55 58
29 35 36 48 62
14 26 43 51 76
09 50 51 58 74
20 22 38 45 53
14 29 44 45 47
02 10 13 55 58
30 37 38 52 55
11 29 31 49 51
06 29 40 54 67
10 37 50 59 61
24 25 40 56 75
03 25 28 31 79
23 25 32 36 38
16 32 37 53 59
02 16 32 63 67
03 22 42 71 79
12 14 16 43 44
06 21 36 38 65
06 32 34 51 60
20 24 25 31 38
08 19 30 33 49
12 16 49 56 67
17 42 48 54 68
16 26 36 51 56
12 18 32 52 57
12 47 60 69 77
17 50 59 66 77
09 14 32 41 79
02 15 38 41 61
05 10 30 35 79
19 49 51 63 78
04 15 28 43 80
05 27 37 39 75
29 37 52 54 59
33 34 43 44 46
02 11 32 65 77
11 14 20 24 70
07 34 42 57 77
03 05 22 30 60
02 32 40 53 54
02 07 18 60 71
23 24 26 31 44
20 23 33 54 60
04 08 22 30 63
19 25 32 68 71
26 33 41 46 49
01 09 14 48 56
01 06 21 31 49
20 30 34 35 65
02 23 32 38 49
19 61 65 77 80
07 21 31 44 45
03 29 46 50 55
29 40 43 62 68
32 48 51 54 70
01 04 17 24 42
03 24 50 66 78
14 17 28 47 56
02 17 20 54 71
21 33 49 55 80
10 21 29 54 78
42 43 72 75 78
28 51 59 68 77
04 06 26 36 55
10 17 24 46 53
18 29 37 51 57
25 26 33 44 75
06 08 15 20 24
02 21 31 60 70
21 42 43 48 64
01 09 27 53 77
04 16 18 22 73
22 29 62 74 75
27 54 63 71 77
03 17 36 37 45
04 37 45 55 65
32 47 73 79 80
13 29 39 55 69
17 36 37 64 66
05 29 44 66 72
04 21 47 59 79
34 36 43 51 54
20 22 29 39 50
01 13 27 59 71
23 25 39 61 63
05 31 44 45 74
01 19 20 58 68
17 46 48 55 79
02 23 28 63 64
09 25 30 57 66
04 09 20 35 80
08 27 32 59 75
10 31 32 38 79
14 15 38 58 77
15 23 41 47 67
01 37 39 51 55
14 32 50 57 77
16 44 46 51 66
01 14 42 44 56
02 19 54 60 76
54 59 63 76 80
03 14 22 46 60
13 14 17 20 59
25 28 29 33 67
26 28 36 53 79
04 14 21 33 39
04 20 38 64 65
04 12 26 79 80
32 36 41 51 76
16 30 34 43 51
26 32 39 60 76
17 35 58 74 79
16 35 48 52 66
31 45 53 59 78
09 13 35 45 70
03 54 57 61 75
14 31 32 35 62
14 15 27 29 67
03 12 26 35 36
01 14 15 22 36
14 42 44 51 65
13 26 29 52 57
21 25 33 57 74
10 24 31 42 48
21 33 36 56 61
12 25 39 46 66
02 25 43 60 67
34 40 42 49 66
09 12 46 56 58
37 44 66 73 80
05 21 24 30 69
26 27 61 64 80
19 26 42 43 50
23 60 62 68 80
13 42 64 73 80
05 19 26 43 66
09 40 50 52 58
06 08 41 48 76
20 42 44 58 74
32 34 41 45 57
23 36 65 70 80
17 20 41 52 70
12 31 44 46 51
09 52 59 62 80
19 27 60 70 73
18 34 40 50 51
06 27 47 68 78
28 31 34 36 70
02 03 30 46 77
05 29 42 44 76
08 19 39 70 80
40 42 64 76 79
35 48 49 57 71
03 16 19 22 38
14 25 28 51 63
34 37 41 67 79
24 26 38 47 80
22 29 35 47 76
10 15 22 25 78
06 27 46 54 59
35 45 47 76 79
18 27 50 63 64
01 15 17 31 67
02 19 23 33 34
45 47 52 73 76
02 05 15 36 62
03 20 40 57 60
19 30 31 43 52
19 28 46 50 58
25 30 35 41 53
07 21 42 43 60
09 19 49 53 64
21 39 41 49 54
20 22 42 55 57
05 17 47 57 77
04 16 20 32 61
27 38 45 58 61
16 22 30 45 49
17 22 24 34 36
04 22 49 53 64
01 20 43 44 77
29 46 52 55 73
36 48 52 71 74
20 22 25 43 78
27 41 44 70 72
30 56 60 75 76
04 50 51 52 77
06 17 48 52 76
11 23 41 42 77
26 33 40 55 69
17 31 54 55 72
02 25 26 29 38
05 14 31 38 75
24 41 52 56 76
10 24 41 56 61
02 28 51 53 77
10 21 26 38 54
11 21 22 69 74
07 19 40 63 80
01 19 50 52 54
11 22 40 56 68
09 14 22 30 51
06 41 42 47 58
15 46 49 61 64
22 61 63 66 80
09 13 23 35 80
10 22 30 55 75
12 26 43 46 66
05 06 47 55 66
10 19 39 52 66
04 14 24 37 78
14 30 38 40 75
02 03 32 49 59
14 19 26 37 80
20 46 57 75 77
50 51 62 70 76
38 44 57 64 73
36 48 51 54 65
13 21 22 65 77
04 23 33 44 46
20 54 57 73 75
04 25 45 49 66
50 60 65 71 78
05 18 38 41 44
16 29 32 39 70
32 49 57 62 71
06 47 50 54 58
03 25 60 62 75
32 55 56 62 63
16 34 49 58 59
12 44 45 59 76
05 38 42 52 72
09 28 34 40 42
07 09 20 33 61
31 33 48 68 80
26 41 46 55 67
27 38 48 58 75
13 24 36 38 54
24 26 54 56 66
27 35 56 59 73
28 45 49 61 76
20 29 42 58 71
04 15 44 64 73
13 18 29 51 52
04 05 15 46 60
49 54 56 58 80
03 23 29 46 57
02 39 41 58 76
04 35 47 52 59
06 13 24 31 48
26 32 42 57 78
02 21 22 37 79
14 40 51 56 57
34 39 40 41 69
19 24 48 76 79
14 35 53 64 77
10 22 26 70 74
14 39 41 66 75
16 23 24 37 79
26 35 51 70 78
01 04 20 25 76
31 34 36 50 77
16 40 56 79 80
10 20 36 58 60
01 16 24 48 64
05 32 51 55 56
37 38 52 65 75
15 30 49 64 72
06 32 47 54 78
19 26 30 43 46
21 25 26 42 46
38 44 46 72 80
13 37 40 47 57
05 13 25 30 66
16 17 46 56 70
21 44 50 66 80
01 20 31 46 58
24 25 34 50 65
09 10 16 22 55
05 12 26 56 61
03 51 56 59 72
04 13 28 30 50
32 50 59 77 79
29 30 39 57 66
17 29 41 46 51
06 25 52 61 75
16 24 38 39 77
13 15 19 41 72
01 17 27 39 55
08 24 25 34 61
01 42 45 49 75
23 33 48 67 78
12 18 19 37 43
12 26 38 49 62
15 21 22 34 79
06 21 33 34 75
12 23 59 60 72
18 40 41 44 77
03 31 47 77 79
13 46 52 56 78
05 26 37 53 63
10 15 48 52 71
06 10 32 40 67
12 22 27 31 52
12 27 36 47 62
02 21 41 55 80
24 28 43 65 73
04 11 18 38 64
03 25 33 35 76
02 15 20 32 34
39 50 55 76 78
01 23 38 59 70
02 19 22 31 78
32 43 50 57 75
02 38 53 58 59
42 44 56 59 64
08 39 60 62 71
09 20 26 36 54
10 25 31 41 76
07 24 54 60 64
01 23 31 41 60
01 15 47 63 66
10 23 33 54 78
12 18 41 62 67
10 22 25 70 79
11 16 23 44 48
04 20 35 59 77
15 42 46 50 76
18 20 25 47 68
03 10 25 43 49
23 38 49 51 71
20 42 56 75 76
31 37 62 73 77
39 40 45 63 74
01 15 31 58 74
29 45 50 68 72
15 31 36 47 76
22 23 35 40 44
02 06 15 34 36
21 23 38 44 72
32 34 46 47 80
10 33 34 36 58
37 39 43 51 75
21 27 42 57 71
20 30 53 56 64
42 43 60 62 80
08 19 20 28 34
01 11 25 30 75
14 24 37 39 76
04 25 28 37 70
18 25 50 51 55
16 37 54 68 77
26 27 33 73 74
11 26 30 61 80
02 25 44 45 65
12 48 50 65 79
02 04 36 42 56
16 25 49 50 80
42 55 56 62 80
26 51 60 69 71
43 48 50 52 56
15 29 58 67 70
13 38 51 62 76
45 46 51 53 73
06 19 46 59 61
17 18 38 54 60
06 36 39 44 45
11 21 25 47 72
06 16 24 56 59
37 39 43 68 75
20 24 31 39 49
05 16 27 35 40
11 23 38 51 68
25 35 51 53 57
40 44 45 52 64
10 22 23 35 60
17 37 51 55 61
17 23 26 34 73
18 22 30 47 52
02 26 42 61 74
14 26 36 38 50
08 39 59 77 78
19 31 33 42 63
06 16 18 41 44
13 32 56 73 74
17 43 49 63 71
10 26 52 58 68
11 23 32 44 76
25 28 34 43 56
15 24 26 56 61
06 18 22 41 62
07 11 18 40 51
28 33 71 72 79
24 32 42 53 73
43 50 55 79 80
30 40 58 70 76
14 22 45 64 72
10 25 57 64 77
06 18 59 62 79
32 41 50 61 64
37 38 43 44 55
05 21 31 35 60
29 36 44 54 59
24 36 38 65 70
02 24 27 48 67
20 26 46 56 59
07 31 59 60 79
13 19 55 57 63
04 10 26 36 80
20 21 33 47 78
08 34 42 56 57
01 04 14 18 43
12 14 38 61 62
22 39 56 64 73
02 07 57 59 76
02 16 27 30 56
10 22 31 54 72
13 45 47 48 75
22 25 47 51 74
22 29 66 69 77
09 24 52 59 77
43 47 55 72 80
11 20 59 68 79
15 28 49 61 80
31 38 39 51 54
14 21 44 53 59
03 23 28 40 63
08 15 19 44 56
03 24 43 47 63
01 16 56 64 80
13 23 37 56 80
12 22 48 52 57
09 17 46 47 72
22 26 42 47 79
03 17 21 25 39
10 27 54 59 75
01 10 16 23 34
09 21 22 37 52
12 18 52 63 75
23 32 37 71 72
19 36 53 65 66
04 22 57 60 62
28 39 43 57 63
05 21 43 58 74
03 29 65 69 79
11 12 23 49 57
17 36 37 41 43
27 36 53 54 69
27 50 55 69 71
05 14 32 35 78
22 29 34 42 51
10 14 21 25 56
10 17 50 59 75
29 32 42 52 59
20 35 38 42 71
20 21 43 45 67
07 29 45 53 78
12 27 49 59 79
24 28 35 46 61
15 16 54 55 64
11 19 27 64 77
03 04 31 34 41
17 24 47 49 66
20 36 54 56 61
17 22 40 42 46
19 27 34 50 72
36 55 60 62 77
01 16 36 54 58
19 35 38 39 78
03 32 55 79 80
02 14 27 46 55
11 13 22 60 65
15 16 41 46 47
18 44 66 74 75
14 23 44 58 63
27 46 52 64 75
15 18 58 59 60
24 42 43 52 65
05 27 56 59 71
02 46 60 71 78
18 25 26 47 70
11 37 38 41 77
03 17 30 52 64
09 32 54 55 75
11 19 31 44 68
21 51 60 67 73
15 23 25 48 49
06 20 31 39 59
07 10 18 57 74
20 35 42 45 57
21 34 49 50 54
02 20 30 32 40
34 37 55 60 70
08 10 26 43 45
19 38 44 46 70
15 22 65 76 80
12 19 22 31 42
21 50 51 61 73
10 21 22 36 63
17 37 38 51 56
13 43 52 64 72
26 39 41 42 74
09 36 37 39 43
04 23 28 39 79
02 14 30 59 64
16 27 29 38 39
02 18 31 38 49
18 37 41 57 76
30 60 65 68 75
24 27 43 63 80
02 22 31 64 75
22 25 56 76 80
07 22 47 61 64
32 38 42 44 46
13 48 54 57 78
20 26 57 61 63
07 08 20 26 66
07 52 68 69 76
19 22 35 44 45
23 32 56 76 77
18 34 43 60 65
09 20 26 63 72
22 35 45 48 76
23 42 48 57 60
06 13 33 57 59
04 14 49 58 79
17 26 29 46 70
24 41 57 68 79
17 32 34 48 76
12 18 37 47 56
26 33 44 50 79
18 47 70 74 80
07 14 27 40 73
09 48 51 65 80
01 11 17 22 46
19 51 60 64 71
22 49 66 72 78
09 18 27 51 56
12 18 34 57 74
33 34 43 47 57
50 56 60 64 72
07 18 49 56 75
22 24 29 32 80
07 09 22 24 80
18 21 32 38 54
27 29 39 47 66
19 31 36 46 70
15 22 31 36 68
27 51 52 54 65
05 22 52 62 67
02 04 32 34 53
07 22 52 63 65
15 42 54 61 69
06 14 34 38 56
06 32 54 71 78
24 29 42 50 55
02 03 22 61 69
13 18 35 45 47
02 13 27 78 80
03 15 50 60 76
06 10 26 41 54
31 45 46 65 74
04 06 27 60 62
34 40 65 66 76
17 26 31 33 63
08 29 59 65 80
35 40 43 55 69
19 51 55 70 72
10 13 36 38 50
09 10 22 49 52
03 12 22 29 31
05 37 50 51 56
10 11 29 57 72
22 24 41 69 73
03 25 31 37 69
14 17 28 39 66
07 15 24 32 52
02 05 32 49 60
11 38 48 51 55
02 26 27 67 79
01 25 36 50 62
16 45 56 69 70
08 26 27 66 79
11 18 26 27 66
07 17 29 42 43
02 31 47 55 60
21 31 35 60 63
16 24 44 72 78
19 32 49 56 73
10 34 39 62 76
30 49 70 71 79
10 11 22 39 72
25 27 31 57 79
05 08 10 22 54
05 40 59 63 79
03 35 53 76 78
16 25 27 56 80
16 39 50 70 76
18 19 38 49 74
20 37 46 61 74
04 07 20 31 52
37 45 48 74 75
13 19 37 50 72
03 11 30 54 57
03 11 49 53 61
25 41 48 52 64
29 42 53 58 80
23 30 53 58 80
25 46 49 73 77
27 28 30 34 76
12 18 24 54 58
09 21 25 44 62
23 40 41 43 74
06 41 53 74 77
11 21 30 32 67
09 36 55 61 79
13 16 23 40 49
27 39 52 58 75
16 35 44 66 78
35 42 45 63 78
20 23 31 35 76
25 57 64 76 77
18 20 25 35 62
15 16 25 35 67
12 52 54 72 79
27 45 46 61 75
29 32 35 69 78
22 49 59 66 76
02 04 20 50 73
11 18 34 39 55
18 44 46 56 60
09 38 52 62 78
01 02 10 19 60
14 20 21 23 59
12 37 39 47 55
07 15 24 27 52
08 14 49 58 78
24 26 34 68 72
01 12 20 25 47
03 17 27 55 70
42 46 48 74 75
26 28 31 43 76
12 20 50 52 69
46 49 61 68 76
19 20 30 51 58
21 22 27 34 52
06 08 15 42 59
29 32 42 45 59
11 12 32 53 59
06 20 24 42 57
31 53 54 62 73
02 27 29 35 78
04 06 40 62 77
12 17 22 52 63
05 06 16 53 61
04 17 38 40 49
13 14 35 55 76
05 39 57 59 79
05 07 39 45 77
13 18 29 30 44
22 50 52 64 75
16 35 58 62 79
06 16 21 32 50
09 28 36 41 79
18 19 22 31 64
45 47 58 62 72
12 17 18 26 27
15 22 37 41 80
01 11 35 77 79
17 39 48 56 75
22 26 32 42 45
37 39 51 53 76
06 15 18 27 80
18 22 60 61 62
03 19 25 35 80
21 33 37 51 71
23 39 44 54 57
26 50 69 74 77
22 23 26 45 63
48 53 62 67 77
11 26 28 44 61
13 22 54 58 62
01 56 60 68 80
16 23 25 38 53
03 50 52 53 74
20 48 52 79 80
06 44 49 52 60
19 39 54 60 75
16 25 27 76 80
01 18 22 35 41
10 30 33 48 52
03 09 10 40 70
11 15 21 33 57
02 23 40 43 66
04 06 23 30 54
05 23 50 65 67
07 23 46 63 67
23 24 60 67 69
06 23 36 66 69
28 43 61 63 67
01 07 08 23 33
07 23 36 66 69
01 02 04 06 28
06 23 43 65 70
05 23 36 67 70
01 03 04 33 49
28 45 56 63 68
07 09 23 37 66
06 28 47 64 67
05 33 39 44 52
02 04 33 52 65
03 06 07 28 29
04 10 23 61 64
03 07 10 23 43
08 28 34 48 64
01 03 28 48 69
06 10 23 55 69
08 28 34 60 65
28 43 63 65 69
09 10 23 24 63
06 33 38 49 58
06 08 28 44 63
08 28 42 51 68
05 23 51 63 72
01 11 23 53 67
08 11 23 59 64
11 23 33 52 70
28 31 34 39 70
04 09 28 33 38
07 11 23 65 70
28 34 65 66 70
10 11 23 37 67
07 33 44 57 65
02 43 58 61 62
07 12 23 38 39
03 23 33 68 73
06 07 12 23 51
08 23 50 65 73
07 08 23 45 73
01 09 12 23 33
09 23 56 64 73
08 12 23 65 69
05 28 48 49 71
06 28 31 33 71
05 09 12 23 71
10 28 51 54 68
10 28 29 64 68
33 45 49 54 69
10 11 12 23 37
05 38 41 55 66
09 23 62 64 74
10 23 48 63 74
23 60 66 71 74
07 23 65 71 74
05 23 68 71 74
09 10 13 23 68
05 11 23 28 74
28 35 45 64 72
02 04 11 28 35
05 11 28 30 63
06 11 28 48 67
23 34 63 73 74
03 23 51 73 74
12 23 65 68 74
33 40 43 48 70
09 33 42 45 55
01 12 13 23 71
04 14 23 45 70
08 09 33 39 51
12 14 23 49 63
09 28 30 63 73
12 28 29 34 71
33 52 57 63 71
10 33 38 46 63
48 56 57 58 64
05 10 33 49 61
17 18 24 36 51
03 25 60 61 71
11 28 30 63 73
05 22 29 54 57
09 15 23 31 54
10 14 23 29 75
14 39 47 56 68
09 13 28 55 64
12 13 15 23 50
15 23 37 58 75
44 57 71 76 79
15 23 47 70 75
33 43 45 65 72
33 44 56 66 72
12 23 52 75 76
28 31 40 52 55
17 27 53 78 79
13 17 20 29 46
10 15 37 46 60
22 25 41 56 58
13 17 36 45 80
22 41 58 60 78
04 05 16 23 54
04 16 23 50 73
23 57 66 73 77
09 12 16 23 48
03 38 44 46 73
16 23 50 71 73
02 23 67 74 77
10 18 55 58 80
06 33 44 63 78
04 05 14 28 40
08 14 28 63 64
20 41 48 51 65
18 19 28 54 73
05 10 23 76 77
33 50 57 68 73
07 12 33 44 63
16 44 51 64 72
02 47 67 72 77
11 28 72 73 74
05 24 26 51 54
03 10 17 23 68
06 27 32 41 55
07 22 42 45 49
17 21 31 61 79
33 35 39 46 80
22 35 39 53 62
22 35 54 61 66
22 35 44 53 66
13 22 46 67 68
01 05 15 28 37
12 27 31 34 55
07 22 35 58 63
05 07 27 29 35
33 58 64 69 78
35 41 60 75 77
41 47 49 70 74
06 22 45 75 78
31 34 51 55 78
29 31 54 56 61
17 38 40 52 70
15 17 41 58 76
17 20 32 50 57
37 60 61 72 76
02 03 15 39 63
03 12 15 28 44
05 17 25 64 66
06 18 29 30 75
22 60 64 70 74
20 29 41 69 77
09 13 15 28 59
24 41 52 57 77
08 24 56 61 62
34 50 71 77 78
02 18 29 32 55
12 27 49 55 70
42 47 52 61 66
48 53 60 66 77
40 60 65 66 76
02 20 27 30 53
18 35 72 77 80
13 28 29 47 77
20 29 50 51 72
11 49 58 73 79
19 34 38 49 70
08 22 45 53 71
08 13 29 61 76
26 29 47 68 80
15 24 57 61 74
21 31 62 68 78
02 24 54 74 76
07 38 64 65 79
10 25 31 32 54
15 18 41 66 75
02 15 31 39 40
20 40 43 61 70
19 34 54 61 63
18 20 33 36 66
27 33 56 57 73
08 38 52 68 79
10 54 56 66 80
15 21 29 40 52
05 18 38 41 63
09 38 48 68 80
35 57 60 66 73
15 17 32 45 71
25 27 32 68 80
04 17 31 58 60
14 27 30 31 68
20 34 51 54 76
26 46 73 76 80
26 29 37 75 80
06 14 34 51 58
20 40 59 68 80
04 19 20 53 69
18 41 43 59 71
20 54 68 70 80
03 28 33 52 57
03 07 32 55 57
18 59 62 72 77
05 13 29 50 58
10 26 27 55 73
11 23 29 31 44
40 48 49 74 79
32 49 53 58 76
12 14 18 48 53
45 69 72 77 79
01 45 53 77 78
03 35 52 54 75
09 18 36 54 62
06 19 28 44 79
02 15 45 54 80
02 26 51 52 65
02 25 48 59 75
16 40 43 63 77
48 56 59 62 80
19 32 43 50 52
01 11 18 29 76
10 24 50 51 79
11 25 43 61 71
05 22 56 65 73
35 42 55 60 78
04 06 22 34 43
03 17 37 62 76
05 08 38 41 79
09 24 27 30 68
34 44 46 63 74
16 40 55 64 70
04 42 56 66 76
02 54 58 76 79
15 23 29 53 64
04 31 39 50 60
12 28 45 56 59
03 09 13 19 43
14 27 39 41 49
21 42 52 66 79
09 18 30 54 75
16 25 30 62 73
12 13 14 56 60
04 15 20 64 80
06 23 25 33 38
21 48 62 71 79
02 21 23 35 48
01 03 38 63 78
04 05 18 19 56
07 15 21 22 55
07 11 42 47 78
04 13 16 45 80
14 31 37 38 78
08 38 40 63 78
20 52 53 55 66
03 15 19 53 75
10 23 26 37 53
02 05 22 66 78
17 37 53 71 76
07 22 51 66 78
15 28 41 47 51
01 18 30 53 56
18 38 40 68 72
15 22 56 60 71
22 48 64 71 78
04 22 46 71 78
22 42 46 61 68
32 38 60 71 80
39 46 52 65 77
04 15 17 24 38
15 29 43 55 63
14 28 44 65 76
14 15 28 58 68
09 38 44 73 79
23 30 57 65 66
04 23 47 52 66
05 23 29 52 65
07 23 49 58 65
01 06 28 41 42
23 34 43 68 69
05 06 28 39 55
09 23 42 63 68
10 23 49 63 69
04 08 23 60 71
06 08 18 23 74
05 23 38 56 75
11 13 18 23 45
04 11 23 33 50
05 07 23 75 79
23 36 64 65 73
36 37 70 72 75
22 29 50 58 78
04 10 15 42 45
17 21 37 38 51
07 24 41 52 77
10 17 20 37 61
11 14 18 52 57
01 04 23 65 74
03 18 31 35 61
04 18 31 61 66
11 19 30 32 39
27 44 45 56 71
11 29 30 34 66
11 15 32 39 51
14 32 52 72 75
08 18 31 60 70
40 44 58 62 77
08 26 37 57 75
13 41 49 57 59
35 46 67 77 79
12 25 43 46 68
35 36 43 64 72
16 40 48 58 66
02 08 23 69 75
06 11 18 31 59
12 14 27 53 74
16 20 25 26 58
18 55 56 65 72
10 13 16 28 47
03 34 47 60 77
07 25 35 54 60
07 16 49 52 73
05 26 39 51 53
11 29 31 38 52
07 13 25 61 78
13 22 51 66 72
17 28 30 31 47
05 10 21 51 58
23 46 50 63 75
39 57 60 67 74
33 35 36 60 67
16 28 42 66 75
01 33 40 67 75
13 21 31 48 77
21 24 54 65 72
17 18 27 68 80
10 45 61 62 80
13 29 41 61 74
04 05 15 23 39
18 30 46 47 76
15 30 46 58 79
11 15 55 57 60
10 14 33 50 62
22 28 38 46 68
08 15 16 44 56
15 37 39 67 73
40 42 44 47 52
15 29 36 40 59
01 28 50 63 74
01 32 52 59 77
17 20 27 33 71
09 11 22 35 52
22 30 31 33 45
14 49 50 65 78
04 15 21 41 52
09 21 30 32 39
09 28 36 50 74
25 39 45 61 63
30 31 42 45 58
03 09 24 33 60
06 18 34 35 57
04 08 16 40 50
15 16 28 55 67
06 32 54 55 75
10 17 18 48 79
17 21 60 61 64
04 10 15 34 76
35 40 57 60 73
14 15 23 60 71
28 51 55 69 73
14 33 39 58 74
23 33 36 39 79
24 28 50 58 68
01 10 44 68 77
08 13 23 67 80
10 31 48 74 79
05 22 31 44 73
14 19 23 68 69
18 41 58 62 73
16 22 27 41 75
28 39 58 59 77
01 13 45 55 58
05 18 28 53 59
12 43 47 51 55
21 47 66 67 78
28 38 41 49 57
12 13 21 53 77
23 31 34 72 79
07 13 29 30 56
06 23 33 36 53
34 35 40 48 49
04 15 32 61 73
26 33 68 74 79
29 32 39 57 61
29 35 44 53 62
07 23 33 53 77
01 15 33 48 61
35 39 51 74 80
16 23 48 53 71
02 10 16 23 57
29 33 54 71 72
02 18 20 49 68
08 16 39 63 71
13 21 24 60 79
04 16 17 35 49
47 49 57 64 69
01 27 41 69 76
06 33 49 74 75
18 22 36 51 53
15 21 45 47 63
12 21 42 54 56
15 46 56 57 80
07 14 50 54 61
03 18 21 53 66
46 57 62 76 80
09 15 35 40 78
04 25 50 59 72
04 11 16 34 63
05 11 34 42 77
11 16 23 42 74
19 33 52 61 78
04 13 52 53 55
16 28 43 47 68
12 20 26 77 79
21 27 37 73 76
06 20 44 48 76
04 07 28 29 78
17 28 63 65 68
07 21 32 36 52
13 20 44 56 57
05 31 43 45 59
19 22 26 57 64
19 28 34 44 66
05 44 59 74 79
08 15 24 28 68
23 26 45 50 74
16 23 29 44 50
15 24 28 65 72
24 43 62 77 80
13 19 38 39 49
19 36 44 60 70
10 34 40 47 52
15 36 39 53 80
03 31 50 75 79
39 40 47 52 79
15 35 44 49 62
01 34 47 61 80
03 19 36 46 64
08 11 18 49 79
11 14 28 45 49
29 42 53 75 77
29 33 64 68 74
16 19 21 28 61
07 16 32 68 78
30 37 40 72 79
04 36 47 66 76
09 15 19 61 63
11 18 33 40 66
25 29 71 72 78
02 28 29 56 60
01 28 29 59 65
21 26 27 28 50
23 37 41 44 80
19 23 72 79 80
22 23 33 79 80
01 07 17 36 46
11 19 38 40 58
05 22 40 45 64
01 07 09 39 80
12 23 24 37 63
20 35 36 71 77
12 31 42 46 56
37 39 44 59 75
18 19 59 64 76
03 50 60 67 77
01 26 33 57 58
12 26 59 70 80
26 36 37 42 73
16 39 40 59 60
02 16 33 38 56
07 18 43 53 79
05 28 34 43 56
23 25 51 52 56
22 32 44 65 74
04 22 32 64 74
18 26 58 64 66
02 08 30 56 61
06 11 15 33 39
11 20 26 38 73
17 19 35 53 76
08 36 46 65 78
20 26 46 58 80
15 36 56 61 68
26 31 39 45 80
05 22 27 47 73
24 50 65 72 79
28 45 48 72 76
05 16 35 42 62
17 27 29 36 61
02 05 16 35 65
01 12 43 58 80
17 22 36 54 63
25 38 57 59 68
22 32 39 54 66
35 50 66 67 77
01 27 32 56 71
03 04 23 34 78
03 23 38 69 78
20 35 47 51 71
10 23 45 63 78
17 32 39 55 72
16 18 30 36 71
24 31 36 39 72
23 24 73 74 75
08 14 19 38 46
15 43 56 63 79
08 26 38 46 74
09 26 29 37 48
19 32 50 73 75
15 18 19 70 79
04 21 22 45 58
22 52 60 63 78
13 14 37 66 75
02 25 36 42 59
01 13 42 56 65
11 13 45 60 61
18 44 47 58 76
08 13 37 55 76
05 49 51 65 76
11 12 17 24 78
05 19 21 26 40
22 42 61 64 72
39 41 42 57 73
19 31 44 62 65
03 31 62 64 80
04 20 42 58 66
03 15 30 53 61
20 31 35 59 71
14 34 38 46 59
05 11 35 44 78
08 35 41 45 54
03 07 30 46 76
08 32 36 76 80
08 32 44 48 74
09 18 57 66 79
42 52 62 73 74
05 28 55 58 78
01 27 50 71 72
29 46 48 49 66
10 25 41 65 78
19 23 68 74 80
02 21 27 43 57
01 31 59 70 80
06 12 48 54 77
30 32 38 64 77
19 36 39 42 53
02 04 30 37 44
02 11 20 27 51
31 38 46 65 79
06 28 29 39 50
04 11 39 63 77
09 25 32 40 69
02 25 32 41 71
04 25 32 43 71
11 13 28 32 58
16 20 23 27 73
03 41 42 51 60
18 31 45 61 71
16 43 49 52 73
23 31 46 47 76
20 28 32 50 72
11 16 22 75 77
02 11 28 42 76
10 26 58 71 78
15 20 32 33 78
02 15 27 34 69
25 32 34 70 72
06 20 37 50 51
19 32 41 43 44
22 26 27 41 79
41 44 66 73 79
14 27 29 50 57
21 34 37 43 71
02 52 57 64 78
06 34 48 64 80
08 12 25 47 79
27 30 32 51 67
06 24 54 55 69
04 13 19 28 53
01 04 17 54 55
26 40 42 74 76
26 29 40 53 60
10 25 41 74 80
25 27 51 58 65
07 20 22 38 66
01 20 50 63 68
25 27 55 61 69
13 23 26 42 79
11 20 22 34 44
06 08 27 34 37
25 27 40 63 70
17 31 54 73 80
04 10 20 34 63
04 31 38 47 78
42 46 49 60 71
04 25 60 63 65
17 20 41 64 76
16 37 60 63 64
04 22 36 48 70
02 13 42 52 75
20 27 49 61 79
19 40 44 71 73
04 09 25 41 45
01 36 38 41 74
09 12 47 56 57
15 50 76 77 79
09 25 40 52 68
26 27 36 41 80
08 34 37 55 73
07 16 49 61 80
21 23 24 43 54
05 28 64 67 79
02 28 43 44 64
01 02 07 23 61
23 39 44 52 69
38 51 53 60 62
10 11 20 51 54
04 34 44 55 60
02 11 39 54 59
01 10 23 52 53
17 21 28 34 63
29 33 47 63 76
05 13 20 29 38
10 23 48 66 69
14 32 48 55 61
03 13 22 39 69
01 28 30 64 72
33 34 71 74 79
21 44 57 60 65
15 29 36 75 80
17 36 57 66 71
01 20 22 42 76
21 38 52 60 66
16 26 56 72 80
03 14 23 25 52
03 17 46 63 78
16 46 49 53 63
24 50 52 54 55
09 18 50 75 77
16 34 58 61 74
26 30 36 58 61
03 32 49 50 52
07 19 45 74 80
01 24 29 57 61
07 12 16 35 50
01 09 23 50 73
05 06 20 21 44
13 33 60 75 76
12 23 36 51 71
02 18 22 27 68
02 16 36 39 52
13 20 27 39 77
14 22 54 69 72
18 30 31 46 73
41 46 64 68 77
36 48 61 62 79
13 33 39 57 64
12 16 45 61 65
05 16 41 53 68
13 34 46 70 77
15 20 23 78 79
23 26 41 43 48
36 51 55 66 76
26 39 40 48 53
14 19 37 40 56
09 20 21 39 65
24 33 35 38 42
17 18 56 61 62
02 22 23 37 58
12 35 47 57 61
26 27 34 36 60
39 41 44 53 62
15 21 38 43 59
28 30 54 67 74
07 20 25 36 73
06 39 42 59 74
23 42 53 64 74
03 23 58 62 74
12 37 47 59 77
20 23 29 39 54
22 31 33 59 63
40 46 59 72 73
22 26 59 61 65
18 23 32 44 69
01 37 44 57 80
14 37 58 70 79
23 41 46 58 66
15 16 34 42 43
16 28 34 64 77
43 59 69 75 77
06 41 55 56 79
18 22 27 74 75
10 17 27 30 44
03 23 64 66 79
23 44 54 68 79
18 23 56 62 68
02 20 26 42 79
29 49 57 70 78
05 31 39 60 79
23 42 64 72 79
23 32 65 72 79
53 58 61 74 78
19 28 41 69 78
43 51 75 79 80
18 23 40 70 73
24 31 38 57 68
28 33 38 42 69
23 33 35 36 39
04 27 57 74 76
03 19 32 59 63
05 20 26 52 80
06 19 20 26 34
23 35 66 74 79
15 30 43 56 58
11 32 47 67 76
10 23 48 74 79
13 23 42 65 73
20 26 65 72 80
17 35 40 46 74
37 49 56 61 68
24 46 47 64 78
33 39 48 65 77
16 33 51 63 67
13 16 28 40 56
31 32 52 53 54
14 29 33 51 58
05 10 16 33 53
15 16 30 38 79
33 37 46 74 77
12 32 34 57 64
15 40 45 56 63
33 38 41 48 49
03 14 15 37 43
09 16 46 49 70
01 04 24 40 41
15 36 40 53 58
17 36 67 69 77
14 21 57 58 78
13 19 28 34 54
01 27 29 36 73
12 38 47 56 66
03 36 40 52 76
02 37 41 54 64
11 14 22 33 80
14 16 18 28 35
16 38 44 76 78
28 30 56 70 75
05 25 27 29 63
22 32 60 68 72
01 20 29 49 67
10 12 42 48 60
22 29 51 58 63
24 29 30 35 62
14 18 44 70 80
20 42 43 49 57
06 27 30 49 58
27 30 48 57 67
33 45 48 73 77
26 59 60 61 73
32 35 45 64 65
14 39 46 51 76
15 36 44 54 65
30 32 34 40 69
01 27 32 57 77
01 22 39 58 61
27 40 44 63 76
11 17 24 32 49
13 49 57 67 78
18 24 46 49 57
25 50 60 61 63
30 33 45 58 77
33 51 56 73 74
13 35 48 49 53
01 19 59 65 80
09 22 26 34 78
32 41 47 61 77
33 34 35 54 64
06 27 49 61 75
28 41 43 50 57
10 24 28 52 79
08 10 19 20 32
22 25 46 70 73
15 25 49 56 65
02 17 30 41 64
18 36 49 65 79
01 27 30 40 71
17 18 41 56 78
01 31 44 48 78
15 25 28 63 78
17 28 38 54 57
07 40 53 54 77
16 42 49 51 75
20 32 46 48 62
20 29 31 40 79
18 34 36 48 60
01 18 34 41 45
13 17 49 50 63
08 27 34 46 54
37 44 54 62 64
11 17 38 39 72
06 16 28 41 62
14 52 54 65 77
08 16 36 73 79
53 55 63 64 75
15 23 43 45 78
12 16 17 25 50
42 43 62 71 79
35 51 52 71 77
03 39 44 76 77
01 04 20 58 74
05 28 36 55 57
02 19 24 39 49
03 16 36 55 62
23 37 50 53 54
19 29 44 50 72
02 04 16 36 58
05 13 20 44 62
12 17 27 29 31
05 20 52 64 74
04 11 16 28 45
41 57 60 68 80
34 41 50 67 77
19 20 30 55 78
36 40 45 57 70
15 23 28 39 56
24 30 33 60 69
52 53 61 66 78
01 26 34 40 49
21 29 40 62 73
20 29 49 72 74
12 23 49 50 59
01 06 21 52 63
17 28 57 73 79
05 14 39 47 79
25 35 53 69 78
17 35 41 71 76
01 52 53 66 78
16 22 28 47 71
04 08 16 43 80
14 17 33 57 64
19 31 38 57 74
06 19 49 76 80
30 42 65 74 76
14 23 31 48 63
23 27 40 58 80
04 20 35 50 52
03 04 23 34 57
13 29 39 50 57
02 18 39 44 55
18 32 37 42 59
22 41 48 71 76
21 28 46 71 72
15 23 29 31 55
24 31 49 54 61
19 22 33 68 76
02 09 19 42 60
21 23 37 69 73
16 54 61 75 80
26 28 33 63 71
01 31 33 60 69
41 62 70 79 80
35 58 64 73 77
03 23 24 60 79
22 25 39 43 56
27 50 57 70 72
07 21 23 69 75
15 20 40 71 72
06 07 38 56 67
12 29 34 52 76
11 18 26 53 56
28 30 37 64 76
44 48 51 53 70
13 26 28 37 67
13 32 39 52 59
03 26 28 49 74
01 04 15 23 37
28 30 63 70 76
01 08 15 23 57
14 17 34 49 77
31 33 63 67 72
09 15 23 41 67
25 37 44 51 60
23 42 57 58 78
04 21 62 66 68
08 11 36 63 78
03 06 26 37 44
19 34 35 58 61
01 05 26 41 67
04 09 21 29 64
04 09 21 63 66
01 03 07 26 45
01 03 10 21 35
10 21 43 64 68
08 19 23 43 63
03 36 50 51 62
21 30 54 66 72
40 44 58 60 77
05 09 26 59 65
04 10 11 21 53
10 24 48 57 77
19 28 49 53 77
04 06 21 58 73
06 21 63 65 73
02 09 47 51 77
20 39 72 73 76
17 30 33 78 79
04 24 28 46 72
25 39 44 51 79
05 32 35 37 74
01 26 42 45 72
42 58 62 73 76
02 49 51 68 80
07 12 21 58 74
23 32 37 45 63
15 27 42 60 63
01 28 30 73 76
45 47 49 74 80
32 36 37 44 68
09 14 37 54 80
03 21 29 39 75
10 18 23 36 78
10 13 42 60 61
21 32 43 44 76
33 42 46 52 61
03 10 14 21 64
06 10 21 45 75
20 29 57 73 75
20 30 36 48 53
19 21 43 72 79
25 35 51 55 65
01 07 14 43 68
03 12 26 54 62
44 45 54 66 74
04 30 40 54 57
25 31 42 44 49
25 47 62 66 75
01 13 14 21 38
23 37 50 69 77
14 26 32 47 69
16 26 41 42 67
27 59 60 63 71
02 15 54 63 72
05 16 50 51 57
03 17 26 47 56
31 44 49 70 80
44 51 54 55 75
07 33 38 58 76
15 52 55 62 79
18 20 24 28 37
13 14 24 29 46
03 19 34 45 79
03 15 21 36 68
19 39 53 57 60
10 31 50 54 61
03 17 39 57 64
33 35 52 65 74
16 32 59 73 76
09 35 39 59 61
05 22 39 40 56
07 23 30 52 60
16 39 58 60 73
08 23 30 37 67
04 08 13 26 39
05 18 32 58 64
01 18 32 65 68
32 41 62 69 79
14 40 42 51 63
31 40 62 65 72
14 26 36 37 69
17 25 43 47 65
05 16 26 28 62
24 27 37 45 69
33 41 43 75 79
06 19 23 48 74
20 48 50 75 76
21 24 31 32 37
16 39 44 68 73
09 18 44 56 72
02 04 31 43 66
25 42 44 64 69
09 11 32 62 79
02 20 30 45 74
20 30 42 64 74
03 12 36 42 77
08 12 28 31 34
15 33 56 63 77
26 38 41 77 79
29 45 53 72 80
09 20 30 60 74
04 47 51 52 54
13 16 18 21 36
20 27 72 75 79
29 47 64 65 77
05 22 34 37 58
03 26 44 49 54
48 56 64 66 76
13 33 46 51 70
01 17 21 52 59
39 49 50 67 76
08 20 31 40 41
13 38 51 62 74
10 18 24 45 77
12 27 28 34 49
04 05 15 23 26
05 07 31 43 63
15 48 54 65 66
17 38 57 61 72
23 36 42 55 74
25 30 32 68 75
14 23 26 56 77
01 11 46 63 76
26 44 56 64 65
36 42 47 49 53
25 45 59 68 75
01 03 31 37 42
31 44 46 52 55
17 19 39 55 79
25 35 52 57 60
02 52 53 70 77
12 18 26 31 33
12 24 28 37 71
03 26 52 63 75
36 46 57 61 72
32 36 45 52 54
22 26 35 59 66
10 20 29 65 76
21 25 28 35 48
16 18 20 40 56
17 30 47 52 54
04 21 26 35 57
12 16 24 39 79
03 21 32 46 57
23 41 44 72 77
02 04 19 52 63
01 10 20 24 46
15 41 51 56 79
17 29 39 54 56
02 13 20 38 50
12 14 34 44 56
03 24 53 56 63
06 12 36 38 67
21 39 58 61 69
19 28 44 46 54
24 33 47 55 57
02 29 38 58 63
04 12 24 30 56
29 38 59 64 65
18 27 51 69 73
11 16 23 32 59
34 37 52 60 66
15 28 29 42 43
18 31 51 55 69
09 19 26 28 52
11 41 47 59 77
17 18 19 24 44
09 27 59 61 65
20 23 27 32 42
01 29 38 61 69
16 30 42 58 65
05 23 33 37 67
10 17 29 43 46
09 13 28 48 80
14 29 39 54 76
05 26 29 44 59
04 05 23 26 77
03 19 25 29 58
01 21 28 54 68
05 11 21 24 43
12 26 50 60 74
26 29 52 67 71
05 31 47 72 78
18 24 30 66 76
05 28 39 75 80
10 11 19 28 57
16 23 50 59 65
03 13 21 24 67
01 29 35 41 59
09 17 26 42 46
18 28 45 52 59
03 21 24 72 74
08 13 27 44 79
06 18 43 56 63
19 23 58 61 79
53 57 62 70 78
15 34 41 62 73
37 50 51 61 66
21 53 57 69 71
44 53 55 61 64
02 15 22 25 74
14 18 31 78 79
32 44 45 46 50
20 32 40 65 68
01 15 17 33 45
08 13 28 31 74
36 43 49 54 66
07 11 37 43 79
37 40 43 70 79
33 35 66 75 79
26 28 30 31 44
21 30 31 43 54
17 20 25 37 39
11 24 41 50 57
01 29 38 39 52
32 46 51 58 70
39 46 50 64 72
05 14 32 49 79
36 56 58 64 74
09 25 29 31 78
17 21 47 53 65
45 46 55 65 76
28 33 40 74 79
36 55 58 66 71
14 23 54 58 80
04 33 44 49 57
12 18 21 31 69
11 12 33 36 78
16 21 55 63 78
01 16 25 27 37
16 20 42 51 60
09 16 39 42 78
02 13 16 59 61
15 23 29 61 74
17 20 45 48 62
37 50 58 65 76
20 46 53 61 73
07 45 47 53 70
06 26 29 67 74
17 49 51 62 79
07 21 54 75 78
06 10 19 23 33
13 18 32 42 55
03 23 32 72 80
22 31 37 53 71
09 24 28 35 36
20 37 39 61 72
09 55 63 65 80
18 22 44 63 75
07 15 45 53 66
05 42 43 69 78
15 17 41 50 72
09 16 24 43 46
19 46 69 70 79
01 14 27 55 62
24 25 35 37 70
22 27 69 76 80
07 29 38 57 76
11 31 34 43 60
25 27 31 35 75
12 15 42 58 78
01 05 15 27 44
10 23 39 49 55
21 23 24 28 72
03 27 47 66 76
19 21 33 76 78
14 17 18 30 40
01 33 53 55 76
20 22 51 59 66
11 24 28 41 71
10 21 29 33 68
18 19 20 26 74
09 30 38 56 76
05 16 29 33 76
19 22 36 41 71
21 32 37 38 49
26 27 40 43 52
03 04 18 33 80
27 37 39 53 60
04 19 27 33 55
18 24 29 66 77
16 23 36 51 72
10 18 35 43 62
21 35 44 52 62
11 19 36 37 40
17 21 25 44 75
11 19 38 48 54
37 45 58 59 72
12 17 23 26 60
13 56 59 61 63
01 17 58 63 78
18 22 49 63 65
17 22 44 68 78
03 15 43 57 68
08 21 25 34 71
08 16 18 22 34
02 32 41 42 70
01 02 57 62 79
26 27 37 61 65
05 21 45 47 77
13 17 18 29 78
07 15 26 43 73
16 52 56 59 65
01 17 26 48 54
17 33 36 41 74
05 14 26 29 66
12 38 40 53 68
05 26 45 57 61
18 27 46 61 71
15 48 52 53 76
18 22 32 46 72
23 27 31 36 59
28 36 42 45 49
01 11 13 16 20
21 39 46 58 71
13 38 44 68 78
01 52 60 65 77
12 26 48 52 61
17 19 33 37 71
10 17 19 33 37
04 15 34 49 55
19 30 47 54 55
19 37 46 61 65
22 29 33 59 60
02 10 26 41 47
14 17 60 64 69
14 32 36 45 50
06 17 20 53 78
06 18 20 49 55
03 24 44 56 64
29 42 55 71 75
26 28 30 43 62
14 26 51 55 64
12 16 21 56 78
37 42 49 51 76
25 46 47 49 66
13 19 23 30 32
21 24 60 76 77
22 59 62 63 77
17 18 36 37 40
05 28 31 58 76
14 23 46 70 75
11 20 26 27 64
31 46 55 57 66
29 60 64 72 79
13 18 43 47 53
19 29 42 52 63
33 48 58 60 76
20 37 41 51 58
21 25 40 66 67
21 28 29 51 58
05 11 44 60 80
20 25 32 43 57
01 02 54 57 79
25 26 53 55 73
21 22 34 49 77
19 28 31 53 66
07 26 30 61 71
37 47 51 67 76
12 13 33 61 80
03 11 29 30 37
11 38 40 41 78
05 10 46 58 80
13 19 22 43 64
07 19 42 61 76
12 36 37 53 80
04 12 30 45 55
28 38 43 60 79
24 44 63 65 66
17 51 52 62 70
01 31 44 54 72
18 32 41 72 76
06 30 32 44 75
09 17 44 50 63
04 17 33 37 60
05 18 21 41 71
35 39 40 42 71
02 53 59 70 80
07 39 43 52 59
02 13 22 34 61
19 40 49 73 79
27 42 56 63 65
04 25 36 46 63
23 30 46 51 56
07 11 21 51 58
01 10 13 31 42
33 37 43 55 59
04 09 20 31 38
21 23 37 50 55
09 20 31 36 69
35 43 47 56 57
20 24 39 45 77
08 40 49 53 75
15 35 50 67 73
16 34 41 51 54
12 28 73 78 80
15 26 30 44 69
11 15 50 56 64
29 39 43 73 76
13 15 33 41 48
17 20 21 46 80
03 21 26 49 57
15 21 33 38 73
21 24 38 73 79
31 34 54 56 71
20 31 61 76 79
13 15 45 54 58
04 19 32 37 43
11 34 35 58 73
15 18 43 65 77
26 35 37 50 52
36 50 55 69 74
19 23 40 53 74
17 18 49 50 63
07 19 23 31 37
01 53 61 71 78
22 29 39 56 80
29 44 57 68 78
24 41 42 54 55
13 32 69 76 79
16 34 35 45 60
09 13 29 38 78
02 09 17 19 49
23 41 47 48 55
03 14 24 33 75
34 38 39 58 67
18 22 61 68 72
03 15 52 66 76
11 43 70 77 80
09 16 20 34 53
24 49 51 52 66
13 26 40 57 75
06 21 30 66 79
28 35 43 50 59
25 33 40 54 71
05 07 18 25 57
05 08 18 25 55
13 39 40 63 74
27 38 49 53 68
05 31 40 43 49
02 18 35 50 54
33 41 48 55 68
14 26 28 55 79
13 15 44 56 60
08 16 37 64 79
19 22 49 53 64
05 21 25 32 41
07 21 24 34 44
08 44 45 52 78
17 57 59 61 76
12 23 31 35 63
15 38 50 51 72
21 30 68 74 79
09 33 46 48 70
05 29 44 74 77
16 29 44 57 70
08 11 25 62 79
15 38 39 48 79
02 22 43 44 50
40 46 58 64 80
27 41 62 77 80
13 15 31 39 63
17 27 34 46 56
03 22 30 48 50
33 46 72 74 78
18 23 48 78 79
17 28 40 58 67
05 06 17 28 50
23 32 38 49 74
02 31 55 59 76
14 23 40 52 62
24 36 44 56 73
06 15 23 25 60
10 13 26 38 63
07 10 28 62 78
17 38 55 62 78
17 38 50 63 78
10 19 41 47 54
01 14 15 23 30
28 30 31 43 74
11 41 51 78 79
01 28 47 50 55
37 38 57 67 79
13 18 41 54 77
19 40 56 59 63
04 20 21 55 56
15 39 44 65 72
20 36 44 52 63
04 29 48 61 77
05 27 28 35 40
16 26 47 50 78
05 43 46 62 75
26 49 68 72 78
03 23 55 57 78
19 49 59 60 71
03 19 47 51 61
12 25 33 41 52
01 32 45 52 72
39 46 54 55 76
17 19 30 48 77
31 35 37 56 67
16 18 34 41 73
04 18 25 57 74
25 39 52 64 79
01 28 30 42 68
27 40 44 58 76
02 04 32 53 80
01 28 56 65 79
40 55 73 75 78
05 09 19 24 49
02 60 61 64 76
09 14 30 38 60
13 21 40 50 60
01 07 19 40 53
05 20 27 70 80
51 60 62 69 75
02 19 27 38 69
02 34 37 61 74
04 19 56 59 75
12 22 31 36 77
14 46 50 59 79
06 07 21 28 30
27 35 41 42 44
23 26 28 51 62
14 18 25 35 66
20 22 30 39 53
02 23 37 49 58
07 09 19 45 80
01 05 21 50 61
11 21 42 50 60
28 30 41 52 73
04 21 56 63 67
31 33 50 70 77
22 38 40 48 78
10 30 43 57 75
04 26 51 53 77
13 29 54 72 77
12 30 46 54 56
21 23 41 54 72
19 21 36 58 79
15 20 28 38 54
12 23 39 54 72
01 16 18 21 36
02 16 21 65 79
02 03 16 26 62
07 16 26 37 64
10 18 20 23 59
03 29 31 35 48
31 33 58 59 68
04 38 44 76 78
17 29 33 44 70
22 43 54 64 69
18 27 56 77 78
09 42 46 47 49
38 61 65 66 76
20 27 28 55 58
02 25 29 48 61
01 25 29 61 62
05 43 55 62 76
18 28 53 64 69
02 08 20 24 69
29 35 38 43 75
15 42 43 45 73
11 32 43 58 61
03 20 34 53 60
21 25 65 72 78
32 53 54 59 63
01 51 52 62 80
25 41 44 53 61
14 16 40 45 51
12 28 39 58 80
15 23 49 51 71
12 19 25 54 61
04 40 44 53 72
03 09 48 59 79
08 23 37 60 61
01 33 47 60 64
13 37 42 68 78
01 20 54 59 71
04 08 26 44 46
11 22 27 40 78
15 24 30 57 67
19 34 56 74 76
19 20 55 60 74
14 22 48 58 59
48 69 73 77 79
05 14 31 66 78
20 31 34 41 61
20 26 33 41 60
24 30 33 72 74
06 08 19 23 25
14 36 42 47 67
16 18 31 56 74
01 12 20 24 62
14 18 20 57 58
07 29 39 59 78
22 27 49 52 63
22 43 44 64 68
14 19 23 44 67
38 53 59 74 78
16 25 41 43 55
14 23 34 43 54
05 57 58 65 80
18 20 31 34 37
15 27 40 51 64
18 19 21 47 62
21 24 30 52 53
23 49 51 60 75
10 26 28 61 71
28 31 38 68 77
06 11 21 45 48
07 32 49 60 75
41 45 52 74 80
27 47 57 70 78
47 51 61 62 75
03 20 31 37 62
26 30 52 69 76
05 31 33 46 55
11 39 60 70 75
11 46 55 75 78
10 23 44 56 71
33 39 49 53 71
03 21 33 48 77
29 43 44 56 77
07 29 41 54 79
37 49 52 56 65
36 52 58 67 76
16 22 54 67 77
11 25 36 59 73
19 23 48 57 69
03 37 42 56 57
15 38 45 47 53
16 23 26 55 59
20 59 62 67 71
10 30 41 53 69
33 40 56 66 74
18 21 46 49 54
05 57 59 66 73
01 38 53 64 76
08 30 38 40 80
38 42 45 52 57
17 18 21 37 72
18 34 36 41 69
02 14 20 57 79
10 31 37 61 74
15 18 36 40 66
08 17 33 36 75
01 02 18 50 63
01 22 38 57 62
24 37 49 54 57
03 07 21 41 67
07 17 39 59 61
10 15 19 36 54
15 17 23 76 78
32 60 62 64 77
05 31 32 35 47
10 20 21 29 46
22 23 25 34 56
04 27 28 32 54
22 23 50 68 69
22 23 32 50 70
08 23 46 47 59
04 37 38 59 63
22 43 53 61 75
20 28 32 39 76
04 07 32 33 40
27 28 41 64 71
29 33 34 50 76
01 41 45 47 49
28 33 44 60 61
08 32 52 64 77
15 25 36 39 66
51 53 75 77 80
09 16 53 55 80
10 36 44 52 72
02 14 31 60 64
02 15 33 39 78
15 34 40 42 52
16 37 55 70 71
19 30 38 51 71
37 46 55 56 74
13 19 41 43 58
13 15 19 33 40
01 26 31 37 49
28 33 34 41 53
04 08 21 26 35
12 32 38 64 79
08 16 32 74 79
07 19 25 37 40
12 22 49 50 63
09 22 43 53 67
01 12 20 21 29
31 33 39 49 54
19 20 22 33 39
04 26 56 58 79
04 18 27 38 47
02 20 27 56 61
21 52 60 68 73
41 43 49 56 58
01 36 48 78 79
06 20 23 55 66
17 39 44 49 57
06 18 55 57 80
08 36 43 60 69
15 30 50 58 79
02 10 32 43 77
11 16 37 59 66
08 19 29 47 74
41 46 54 57 65
15 16 40 51 69
37 39 45 52 71
50 61 69 76 78
22 38 61 78 79
01 19 23 59 79
08 22 28 52 58
23 36 52 69 80
06 23 50 58 61
15 46 53 61 72
19 44 61 62 69
26 31 36 71 72
14 52 54 58 73
07 14 25 35 57
06 21 26 64 75
14 30 49 75 76
13 44 53 63 71
05 16 39 45 47
07 25 28 50 62
21 34 41 71 75
15 19 55 59 74
04 15 39 43 46
23 30 36 39 40
13 14 25 58 70
38 42 44 46 73
12 27 46 48 79
04 19 40 46 69
25 32 51 64 80
25 29 34 59 66
23 36 37 53 56
02 27 35 44 55
24 40 42 52 74
06 25 47 50 71
16 49 52 76 80
04 28 34 42 47
19 30 41 56 64
13 21 38 44 74
38 49 54 55 78
17 21 50 68 76
21 41 52 58 71
05 18 49 59 65
21 26 39 66 76
19 29 45 48 50
15 44 61 74 76
02 14 28 35 48
17 32 53 75 78
26 29 42 47 68
26 30 36 49 76
16 32 44 59 65
06 19 33 46 47
40 55 62 78 80
06 14 22 28 74
35 52 69 75 79
01 32 56 70 77
11 18 22 36 59
18 21 29 63 78
23 44 45 51 68
10 13 25 36 60
10 20 44 58 65
32 37 44 50 58
01 38 49 62 73
12 18 29 50 65
06 28 32 51 80
02 18 41 45 46
29 44 62 74 80
12 32 51 77 80
03 43 63 75 80
11 42 44 51 70
19 30 35 48 76
12 21 54 56 72
14 26 38 59 69
26 28 31 33 62
03 11 19 52 71
07 30 48 57 72
08 18 43 55 75
12 21 52 60 63
09 33 37 54 68
33 36 44 71 75
02 16 19 26 27
10 19 24 34 72
14 34 60 61 64
15 25 39 41 74
25 31 38 42 58
03 35 44 65 77
10 17 18 24 40
02 13 23 46 49
20 24 36 45 46
24 30 31 41 58
25 36 42 45 52
21 26 34 62 65
02 26 31 41 57
10 15 21 26 76
23 39 58 59 80
16 33 41 61 75
06 32 33 39 75
28 30 36 55 78
05 17 18 28 80
08 27 28 60 71
29 36 57 69 77
13 22 23 30 67
15 16 26 38 62
16 34 37 42 70
08 23 29 38 57
24 38 46 77 79
03 33 44 77 78
32 46 55 75 79
06 13 28 32 41
14 42 57 64 78
19 40 53 74 79
04 19 40 54 73
05 29 43 48 54
07 22 28 73 77
08 15 20 24 47
24 38 43 44 49
26 27 30 34 63
12 27 35 71 79
05 23 31 32 63
25 32 69 78 79
21 26 49 75 79
04 11 33 37 39
05 20 59 74 78
17 20 57 66 74
01 29 51 54 57
13 34 46 51 77
04 08 34 59 75
31 32 39 45 54
14 20 46 49 50
15 26 45 73 77
04 18 24 65 73
02 06 41 66 80
14 19 37 46 61
07 22 23 50 76
15 27 46 57 77
16 19 34 38 55
14 29 38 61 70
14 26 27 55 56
10 14 22 26 35
06 14 29 48 80
14 35 38 45 48
27 30 37 58 80
02 21 53 59 74
08 25 59 60 78
09 18 30 48 71
08 38 39 46 76
21 39 41 66 74
08 15 22 35 45
31 34 36 58 62
04 31 34 36 63
12 42 49 73 76
12 47 51 55 73
26 34 37 44 45
46 52 55 56 73
39 42 54 56 57
04 21 29 30 80
18 35 38 48 56
19 21 55 63 70
03 06 24 39 63
12 23 50 52 55
19 21 64 70 72
02 09 43 64 80
12 24 56 58 74
15 52 66 71 78
16 30 54 61 67
01 02 25 37 79
19 26 61 74 79
05 08 10 55 80
08 21 35 59 67
24 36 49 63 76
08 46 53 59 77
20 51 59 68 73
13 21 64 66 80
01 06 38 45 79
15 17 44 52 69
28 37 56 59 65
13 17 23 49 71
26 31 53 65 72
18 28 39 44 55
09 27 37 67 76
05 22 33 52 58
05 26 40 52 67
11 18 50 51 80
03 21 35 55 70
04 16 26 30 55
18 34 38 42 59
09 35 43 49 78
09 24 54 62 63
05 19 60 70 72
05 19 34 70 72
44 52 63 71 77
04 17 21 39 76
14 16 23 27 62
32 50 56 65 70
10 18 24 34 57
06 57 74 79 80
37 38 49 53 72
18 55 61 71 76
13 43 45 74 76
11 16 37 61 62
15 22 32 49 58
10 20 21 33 42
30 37 38 45 61
06 11 19 53 72
19 23 60 70 80
10 14 27 45 55
04 36 76 77 80
14 18 26 36 57
01 42 57 59 74
19 30 36 43 64
10 32 44 69 77
39 47 52 53 55
08 18 30 34 76
13 31 57 62 74
09 19 28 46 76
14 26 35 52 74
13 39 50 64 77
21 38 49 61 79
04 13 39 48 77
08 28 37 43 79
14 16 18 29 32
23 31 40 41 54
08 14 26 45 61
05 24 28 31 45
02 34 38 41 44
12 23 24 27 45
08 24 51 60 70
14 19 21 54 78
11 14 31 34 44
09 26 32 61 63
06 13 19 40 64
18 36 43 54 65
11 31 41 45 61
10 22 27 32 59
09 22 38 39 55
08 13 24 26 34
44 47 49 55 80
23 27 54 59 60
04 51 58 69 77
11 23 28 35 37
03 19 43 58 67
20 23 53 60 71
19 36 38 54 66
16 36 44 53 61
39 43 44 56 70
04 15 46 54 59
23 37 42 46 79
14 21 26 44 58
15 20 31 35 69
01 10 12 55 56
29 30 56 59 78
15 17 33 73 76
11 13 44 52 80
10 13 17 37 38
05 39 56 75 78
24 25 55 62 69
06 11 26 50 61
26 27 37 41 42
53 54 62 66 77
14 34 39 55 56
01 48 49 52 63
30 43 54 76 77
21 39 40 47 59
27 35 41 58 59
08 13 20 31 37
17 25 34 56 76
03 08 31 44 55
37 40 43 50 58
25 49 70 76 78
13 19 34 54 73
06 15 18 43 61
10 23 52 55 71
25 40 46 50 57
02 12 20 47 55
09 19 21 38 58
41 44 63 65 76
47 52 53 71 78
02 08 27 33 55
12 24 34 44 78
06 33 49 52 54
12 20 47 71 74
02 43 52 59 74
02 03 33 49 76
27 33 45 70 76
11 21 26 29 64
33 37 44 50 79
18 46 48 61 69
35 38 56 65 76
08 30 40 68 77
08 25 51 58 75
28 33 39 46 74
12 16 27 28 78
05 47 61 77 80
05 24 26 37 75
03 05 27 43 49
43 51 60 67 77
29 42 58 66 78
15 36 51 52 63
23 39 47 51 64
22 38 40 63 66
07 18 29 35 53
18 37 40 44 71
30 36 37 50 75
10 30 51 55 77
42 47 52 59 65
27 33 43 65 71
18 24 46 66 74
16 18 46 56 80
10 18 22 31 73
05 18 46 55 70
30 45 58 62 78
10 15 35 38 50
06 22 33 53 67
04 05 19 29 41
09 41 51 70 80
02 06 29 66 80
18 43 46 47 79
19 43 44 50 63
28 37 51 59 72
01 15 20 57 79
08 48 50 58 60
18 22 37 43 66
08 20 31 47 59
12 24 55 57 76
08 15 16 49 77
04 19 29 69 71
03 16 23 42 55
13 34 55 57 59
25 32 38 52 73
04 13 16 49 74
06 28 37 38 77
14 27 39 48 61
19 20 43 51 67
24 52 54 67 69
18 19 23 34 67
02 10 41 58 59
21 29 31 35 37
03 09 28 57 64
07 39 48 66 79
12 19 44 68 75
24 34 37 44 45
12 29 44 67 80
18 31 37 51 71
11 38 50 61 80
08 21 54 60 76
23 24 32 40 72
06 12 17 52 78
05 16 53 55 74
27 38 45 72 78
05 13 15 37 39
08 18 41 42 75
17 21 43 55 57
02 25 43 53 64
26 29 61 69 74
01 15 33 53 70
14 28 36 52 60
03 25 37 42 77
08 23 32 40 44
26 47 59 64 70
05 13 31 41 42
11 16 46 48 74
15 33 52 67 70
27 28 29 34 79
29 33 36 64 73
15 42 54 68 76
04 33 42 50 58
14 22 28 40 45
14 54 71 73 79
06 19 29 62 74
05 30 38 55 72
23 25 27 40 74
07 21 39 49 78
04 13 39 54 80
05 16 34 40 73
11 16 22 49 53
28 45 55 71 80
37 42 52 64 78
40 45 53 72 75
15 48 59 69 76
10 18 30 31 32
16 25 27 28 69
16 43 51 59 76
24 31 44 53 77
04 21 42 55 68
08 34 35 51 79
03 35 40 61 77
33 50 59 60 78
07 37 47 62 80
14 19 27 51 77
16 20 28 62 72
21 41 46 61 62
31 50 59 70 74
08 16 53 61 74
04 10 15 48 54
08 23 27 37 67
37 42 61 66 77
10 36 38 51 80
13 17 21 48 62
11 18 52 61 68
01 28 31 68 78
08 28 33 37 77
15 24 30 44 77
47 51 54 56 80
33 44 45 77 78
15 35 58 72 80
12 25 31 48 79
25 33 44 61 75
12 39 57 64 80
33 40 51 59 79
19 31 57 67 71
05 17 32 53 79
17 32 62 67 79
07 09 20 23 76
22 25 28 72 77
09 18 20 53 70
06 13 39 43 65
01 48 53 75 80
20 43 47 62 74
03 08 30 55 61
24 26 40 42 55
02 32 46 57 80
21 26 42 50 54
24 28 31 53 59
02 12 17 28 31
12 13 33 35 54
09 20 36 45 58
11 43 45 49 56
16 45 46 50 77
03 18 31 37 65
08 12 48 52 60
11 15 26 29 39
15 22 28 63 79
10 28 39 44 62
04 17 54 66 80
01 11 39 41 75
01 19 34 39 68
16 26 36 41 78
28 29 40 46 67
15 25 37 43 55
19 20 25 52 55
12 25 30 55 80
41 43 51 60 61
23 40 42 75 77
19 21 25 44 71
12 29 31 34 68
26 32 35 44 48
07 21 42 49 57
16 24 25 57 60
01 15 40 42 79
18 28 38 55 75
02 21 34 52 72
17 19 30 38 75
11 21 37 61 70
18 29 33 36 39
06 45 50 67 75
20 22 34 43 80
28 37 53 64 70
10 21 38 57 59
08 22 48 59 76
25 37 46 67 73
04 20 28 60 78
05 16 30 47 73
11 39 44 49 71
04 35 37 39 42
25 29 40 69 75
01 08 55 74 80
01 19 53 56 57
10 27 40 46 74
30 49 61 75 79
14 27 36 39 47
10 39 40 55 71
21 31 45 48 55
18 26 38 55 76
04 24 28 39 61
12 51 54 60 61
13 32 42 59 69
18 31 57 79 80
02 29 34 44 78
15 22 28 34 72
33 41 42 72 79
29 33 47 59 70
16 19 21 23 32
09 16 39 47 75
25 29 36 56 70
19 43 52 59 74
04 20 40 50 62
27 43 45 49 69
18 39 50 53 65
16 38 64 68 77
12 29 61 69 73
10 24 52 71 77
16 23 27 43 50
01 15 29 34 49
27 39 56 73 76
16 45 61 75 76
03 18 31 58 61
19 33 50 53 70
09 15 19 45 75
18 21 47 48 62
01 30 42 57 71
20 23 24 41 48
20 27 29 48 67
24 34 45 74 78
08 20 32 42 68
10 12 19 20 34
19 24 26 59 67
07 20 48 55 60
20 42 45 49 64
05 25 47 49 58
16 42 51 61 66
03 20 49 57 69
11 24 35 62 63
16 17 18 34 55
10 22 32 45 54
14 19 44 57 59
18 21 64 66 80
11 25 29 52 53
18 26 35 52 63
19 23 35 48 53
15 21 56 79 80
03 16 38 48 66
13 45 48 52 73
27 42 46 47 62
13 23 39 40 48
33 36 55 68 80
06 18 22 50 52
02 15 29 69 80
23 41 48 76 80
26 36 38 59 65
01 20 56 71 79
07 13 17 32 61
26 31 49 62 65
22 23 40 62 70
09 22 23 34 64
09 17 39 55 69
11 25 29 31 45
15 22 45 48 64
01 10 20 44 66
09 26 39 54 56
08 40 41 70 80
14 39 45 50 80
19 22 53 69 77
21 31 33 72 77
04 08 15 20 32
17 24 31 66 79
15 21 23 40 43
19 31 41 47 55
07 21 23 29 52
09 42 60 72 79
19 30 40 60 75
09 13 22 35 44
29 33 58 60 75
06 21 52 67 73
32 44 53 67 72
06 33 36 37 78
02 24 25 33 44
06 16 29 36 54
05 12 34 40 53
27 49 55 62 74
26 31 41 49 61
05 19 30 31 65
40 47 51 58 72
13 27 35 73 80
14 32 58 70 77
26 27 29 49 70
09 12 33 41 56
14 27 32 51 58
05 06 17 23 45
01 21 42 53 79
18 26 46 55 56
09 14 23 42 46
20 53 58 66 72
30 40 45 75 78
03 25 50 56 78
23 47 56 77 78
24 39 45 64 65
07 26 32 37 42
19 21 55 60 62
11 34 39 46 75
06 24 34 67 74
30 33 46 52 58
06 09 23 44 78
08 09 43 46 70
21 29 60 62 65
05 12 19 38 42
11 38 42 46 74
09 25 44 46 62
21 24 37 57 60
04 16 32 41 69
33 61 70 77 79
22 24 45 49 64
15 16 26 43 67
08 21 29 58 62
14 34 44 45 51
18 20 43 70 76
02 53 57 71 77
03 18 27 31 43
11 48 49 50 54
04 31 58 65 66
05 19 48 64 76
05 18 24 41 63
20 29 32 43 65
10 17 23 45 68
16 23 38 40 65
10 27 37 45 59
08 41 70 72 80
25 27 30 32 65
16 19 59 62 69
02 25 35 37 53
06 59 61 76 80
20 43 54 63 72
14 25 48 51 66
07 12 26 32 37
15 41 49 56 61
31 42 53 60 70
10 16 36 61 80
20 22 25 27 73
17 23 52 70 71
06 11 21 22 39
02 13 53 66 79
36 40 46 51 78
03 20 25 63 71
09 23 33 40 42
10 33 59 60 80
05 45 51 56 77
13 24 30 33 43
11 16 58 68 77
08 25 30 52 67
06 21 22 52 74
06 30 35 45 56
02 18 23 54 73
35 39 40 79 80
02 14 47 53 78
15 53 55 63 79
08 11 45 46 80
27 28 55 59 71
05 06 22 57 80
29 36 47 70 77
10 14 27 58 60
04 12 20 45 62
33 36 37 47 69
12 46 57 58 61
28 30 52 53 66
02 23 39 47 66
34 37 48 55 57
20 34 63 64 67
28 30 47 55 58
23 48 50 52 67
26 32 45 62 77
14 21 33 34 45
26 42 44 74 75
18 33 36 68 71
25 43 52 59 75
20 34 60 66 69
22 26 44 56 78
11 24 34 56 75
17 49 50 51 78
10 20 23 25 74
10 17 25 27 31
07 17 27 56 75
04 33 50 54 80
11 14 32 38 41
04 23 25 37 72
26 35 43 53 71
33 46 50 66 76
01 25 35 43 48
13 27 28 42 61
04 19 58 67 79
11 18 32 51 56
28 32 37 52 77
11 18 24 40 59
13 25 27 34 41
46 58 69 79 80
01 29 32 33 56
09 11 40 52 79
07 29 40 41 53
01 25 37 41 80
06 21 26 31 48
10 30 33 42 74
26 44 47 55 64
10 41 46 54 69
33 50 52 73 79
03 20 23 26 42
32 44 49 73 77
27 43 44 56 59
04 18 21 76 79
04 15 19 21 58
02 31 41 43 44
03 20 33 34 77
06 42 45 57 78
17 28 30 31 69
24 41 51 60 73
07 30 44 45 57
04 25 46 53 71
09 39 40 45 80
08 21 31 58 69
16 50 53 60 72
12 24 26 39 40
10 15 17 53 61
02 03 41 60 80
07 29 42 56 78
19 55 58 70 74
29 43 52 59 77
04 41 49 55 80
22 38 61 65 73
06 08 19 35 50
17 27 35 54 76
21 36 41 58 69
08 29 39 59 73
10 18 22 45 55
07 21 27 33 71
07 48 62 70 77
29 40 56 60 74
18 47 62 72 79
07 19 21 37 65
37 49 52 53 74
06 20 39 57 75
25 35 36 40 71
03 13 17 47 60
07 15 34 38 50
05 21 22 62 77
16 18 26 37 80
03 04 21 32 52
10 13 23 25 40
13 21 32 33 66
03 11 19 31 39
03 21 32 54 66
18 21 29 46 74
01 18 52 67 72
09 46 50 67 79
34 36 52 56 63
26 39 43 59 80
18 23 45 56 72
06 18 28 49 53
16 18 41 43 59
38 43 44 48 77
01 15 23 50 53
04 14 22 40 53
02 09 40 66 79
01 12 49 55 76
31 34 37 39 45
09 21 24 27 69
08 18 20 38 42
05 42 44 69 78
02 05 19 31 62
26 27 46 51 75
06 38 41 75 80
15 45 47 58 59
18 22 38 64 65
16 56 62 67 79
15 50 51 58 65
26 33 51 55 69
27 38 59 67 75
18 53 59 67 79
07 14 17 47 56
12 33 51 60 80
28 32 55 60 63
07 22 38 51 79
15 26 62 74 80
22 29 72 78 79
24 26 32 40 56
07 17 20 21 58
01 20 23 25 49
17 27 28 35 68
16 17 45 50 62
23 35 50 55 75
05 22 28 64 80
02 03 24 27 33
08 39 62 76 78
19 41 67 74 79
05 41 49 58 76
19 24 40 75 80
30 43 52 65 74
12 25 51 60 74
13 25 29 36 60
08 26 31 41 78
14 16 26 29 47
19 51 56 60 70
12 19 20 34 35
30 49 50 73 79
14 26 27 54 73
10 26 33 37 59
22 25 27 28 34
22 25 45 56 72
25 30 34 49 66
25 28 36 60 61
06 16 31 50 56
10 12 21 29 40
37 45 60 61 78
03 15 37 58 68
01 13 53 54 72
08 31 38 42 48
01 31 39 48 56
03 44 59 60 77
16 17 55 78 79
02 10 17 19 51
25 39 49 50 53
22 24 37 40 48
09 14 28 37 51
20 45 59 69 80
03 22 41 46 65
15 17 18 25 44
16 23 48 59 62
13 15 30 35 43
14 27 30 32 50
24 46 49 64 76
02 26 42 50 69
26 27 29 62 73
23 25 29 52 55
19 23 32 38 61
03 23 25 29 68
16 23 46 51 67
30 45 56 57 62
02 17 50 61 70
03 35 45 49 76
49 59 68 75 77
20 35 45 65 69
13 24 44 57 66
01 15 22 23 47
18 34 65 66 80
10 37 41 47 78
04 18 27 46 80
01 21 27 48 78
17 21 22 35 74
01 15 39 41 55
08 20 21 42 57
11 32 40 43 57
14 16 30 48 63
10 36 56 61 74
07 22 49 52 76
08 15 21 39 48
29 60 61 77 79
01 17 22 38 67
05 06 22 28 31
06 37 41 52 55
33 44 52 58 66
01 18 41 53 67
09 37 53 57 80
21 35 61 69 80
09 24 34 52 55
32 42 44 52 62
03 30 45 57 66
19 52 56 70 74
23 24 37 49 78
11 18 43 72 73
17 27 30 60 63
13 48 50 73 78
13 21 39 55 67
11 12 32 43 78
24 26 57 67 69
01 06 24 47 60
13 14 26 32 60
26 52 72 74 79
02 13 52 60 63
01 16 32 36 74
14 35 37 57 65
36 42 51 71 78
36 37 48 52 54
13 16 17 26 60
12 36 54 59 73
13 31 52 63 76
11 24 27 31 79
12 13 25 46 52
06 11 15 36 59
04 29 57 59 65
14 42 53 59 69
16 17 46 56 79
01 11 22 36 59
25 42 45 54 79
17 29 34 48 58
19 31 52 55 75
31 41 75 76 79
16 22 42 51 57
04 15 17 56 59
26 30 33 49 79
19 31 35 60 79
12 22 38 44 71
24 29 46 74 76
04 25 45 62 78
12 14 26 27 75
11 17 48 52 77
12 17 27 38 78
10 13 20 32 50
31 32 49 50 54
06 20 21 46 63
18 21 43 45 47
06 14 43 55 79
09 10 20 21 34
19 23 45 61 77
14 29 40 79 80
13 16 46 54 62
09 34 38 48 51
28 36 37 38 77
06 18 42 56 72
03 36 44 57 73
16 23 24 30 76
04 12 21 44 45
05 19 21 51 66
11 25 26 59 68
20 45 52 57 74
22 24 33 44 69
11 16 17 43 63
20 23 44 52 69
15 43 56 69 77
37 46 49 62 73
19 35 45 60 77
24 36 43 51 52
09 35 44 57 75
17 20 21 42 48
06 18 55 58 78
29 47 51 52 73
01 15 44 45 54
38 46 60 64 77
21 50 51 59 80
22 26 29 47 60
10 21 22 25 63
06 28 36 55 76
06 07 15 60 67
04 34 55 58 63
24 26 37 48 71
02 22 23 77 80
09 18 21 32 52
25 31 51 72 74
03 15 46 52 75
11 19 27 48 55
02 42 46 50 78
16 26 35 53 77
30 35 40 50 67
17 35 52 54 62
20 36 59 65 79
23 32 71 75 77
01 16 30 73 80
13 22 41 42 71
10 37 48 49 54
03 10 22 38 45
13 18 20 35 70
15 22 25 26 28
20 37 46 55 60
21 39 56 65 74
05 17 39 58 69
16 18 42 54 61
36 43 51 58 79
03 18 30 33 69
15 46 55 59 69
16 23 42 47 75
27 28 38 44 57
19 20 33 58 77
18 25 28 51 69
12 24 36 39 72
19 51 55 57 70
35 49 56 75 76
03 22 37 72 76
13 33 40 57 69
28 40 62 76 79
34 35 36 50 55
08 15 28 48 79
22 32 37 46 70
13 16 31 39 70
12 42 43 76 79
37 51 60 61 77
01 28 55 57 61
17 22 39 58 75
45 46 48 53 59
05 14 24 43 78
28 39 46 75 76
19 43 57 58 66
21 38 60 67 79
17 48 52 69 71
12 49 55 67 80
01 22 33 42 52
21 31 39 56 61
06 19 34 42 52
06 32 43 49 67
17 39 53 57 73
15 41 51 73 77
12 25 32 67 79
01 08 34 56 80
04 11 19 22 53
15 25 37 79 80
37 40 45 47 69
42 61 64 67 79
03 13 35 57 77
05 42 59 78 79
17 20 29 46 79
23 34 50 53 78
17 42 50 56 76
28 40 45 46 54
08 55 57 68 79
24 40 52 57 62
06 12 22 54 77
24 41 52 62 78
19 44 53 54 71
06 13 36 39 52
23 39 46 53 77
27 51 54 63 74
07 34 53 61 77
25 38 39 52 53
17 26 28 36 55
15 27 40 68 76
41 55 62 75 80
17 46 53 58 63
41 44 52 59 77
07 11 49 50 78
14 26 51 62 77
18 27 31 63 78
05 15 17 42 60
09 23 34 35 78
02 04 21 37 63
29 50 58 77 78
12 19 33 44 67
11 18 28 30 69
15 23 25 29 71
10 11 19 41 48
05 23 52 56 67
08 12 36 43 48
02 18 41 68 70
17 21 27 46 63
02 45 59 73 78
19 34 58 60 72
06 09 21 37 47
27 46 51 57 67
02 27 33 75 78
22 29 30 47 74
05 26 27 46 59
15 33 39 76 78
30 37 48 57 76
34 38 52 65 74
10 15 22 28 31
42 53 61 73 80
42 69 73 78 80
17 40 55 59 68
40 45 49 50 59
21 32 48 54 61
24 44 58 67 77
09 27 38 48 57
04 51 53 61 80
19 55 66 67 78
23 40 59 75 80
01 53 62 67 77
20 32 33 43 74
33 35 50 54 60
01 44 65 67 78
05 17 55 63 67
07 17 50 55 58
39 40 48 56 67
31 38 43 44 79
16 19 29 30 73
23 35 40 48 80
11 28 49 56 79
09 26 28 32 41
05 18 39 41 65
17 45 64 67 69
13 42 49 60 71
08 16 26 27 43
01 07 14 20 57
05 10 39 66 78
06 08 42 67 78
05 23 47 50 61
07 27 35 39 49
08 14 20 45 52
08 16 28 56 59
02 18 46 61 74
13 49 57 59 78
06 34 57 61 79
21 39 76 77 80
05 20 36 42 46
06 17 49 65 70
11 22 29 46 72
23 28 33 51 79
22 52 57 59 72
10 19 33 40 80
20 32 49 54 62
26 27 53 72 77
14 17 28 32 71
15 33 40 57 60
17 29 30 40 80
38 47 54 57 78
16 40 43 54 77
01 09 54 59 76
06 22 40 48 55
17 41 46 57 71
18 22 28 47 54
17 51 62 66 71
22 37 43 53 63
14 48 59 60 68
11 18 20 29 53
16 25 28 30 68
11 15 28 57 58
20 36 42 57 69
01 19 26 49 75
23 25 29 36 42
09 10 21 32 59
29 40 41 57 70
21 26 36 42 63
18 21 27 57 72
19 35 42 54 65
11 28 33 49 52
02 16 19 22 36
23 24 30 55 64
30 37 42 63 78
07 23 26 54 80
06 23 26 67 80
15 26 27 30 59
34 38 41 56 62
04 07 19 35 56
27 32 57 61 80
02 20 39 53 60
30 37 42 66 78
38 39 55 70 77
11 16 23 56 61
07 21 40 68 74
34 50 54 58 62
17 19 48 50 66
18 23 35 49 75
20 38 40 45 48
04 38 56 79 80
09 24 28 31 45
07 12 52 68 79
29 57 59 77 79
13 36 40 55 56
06 11 17 41 57
19 24 45 73 76
08 41 42 53 75
15 19 21 43 44
28 43 47 53 73
07 22 24 39 58
31 36 46 53 66
22 26 58 60 61
31 51 59 73 77
